STT,MAQUANCHAR,TEN_QUANHUYEN,MA_TINH,CODE_TINH,TEN_DAY_DU,TINH_THANH,
1,AGCD,THỊ XÃ CHÂU ĐỐC,AN GIANG_AGG,AGG,THỊ XÃ CHÂU ĐỐC-AGCD,AN_GIANG_AGG,
2,AGPT,HUYỆN PHÚ TÂN,AN GIANG_AGG,AGG,HUYỆN PHÚ TÂN-AGPT,BA_RIA_VUNG_TAU_VTU,
3,AGLX,THÀNH PHỐ LONG XUYÊN,AN GIANG_AGG,AGG,THÀNH PHỐ LONG XUYÊN-AGLX,BAC_GIANG_BGG,
4,AGAP,HUYỆN AN PHÚ,AN GIANG_AGG,AGG,HUYỆN AN PHÚ-AGAP,BAC_KAN_BKN,
5,AGCM,HUYỆN CHỢ MỚI,AN GIANG_AGG,AGG,HUYỆN CHỢ MỚI-AGCM,BAC_LIEU_BLU,
6,AGCP,HUYỆN CHÂU PHÚ,AN GIANG_AGG,AGG,HUYỆN CHÂU PHÚ-AGCP,BAC_NINH_BNH,
7,AGTC,THỊ XÃ TÂN CHÂU,AN GIANG_AGG,AGG,THỊ XÃ TÂN CHÂU-AGTC,BEN_TRE_BTE,
8,AGTB,HUYỆN TỊNH BIÊN,AN GIANG_AGG,AGG,HUYỆN TỊNH BIÊN-AGTB,BINH_DINH_BDH,
9,AGTT,HUYỆN TRI TÔN,AN GIANG_AGG,AGG,HUYỆN TRI TÔN-AGTT,BINH_DUONG_BDG,
10,AGCT,HUYỆN CHÂU THÀNH,AN GIANG_AGG,AGG,HUYỆN CHÂU THÀNH-AGCT,BINH_PHUOC_BPC,
11,AGTS,HUYỆN THOẠI SƠN,AN GIANG_AGG,AGG,HUYỆN THOẠI SƠN-AGTS,BINH_THUAN_BTN,
694,VTBR,THỊ XÃ BÀ RỊA,BA RIA VUNG TAU_VTU,VTU,THỊ XÃ BÀ RỊA-VTBR,CA_MAU_CMU,
695,VTTT,HUYỆN TÂN THÀNH,BA RIA VUNG TAU_VTU,VTU,HUYỆN TÂN THÀNH-VTTT,CAN_THO_CTO,
696,VTXM,HUYỆN XUYÊN MỘC,BA RIA VUNG TAU_VTU,VTU,HUYỆN XUYÊN MỘC-VTXM,CAO_BANG_CBG,
697,VTCC,HUYỆN CHÂU ĐỨC,BA RIA VUNG TAU_VTU,VTU,HUYỆN CHÂU ĐỨC-VTCC,DA_NANG_DNG,
698,VTVT,THÀNH PHỐ VŨNG TÀU,BA RIA VUNG TAU_VTU,VTU,THÀNH PHỐ VŨNG TÀU-VTVT,DAK_LAK_DLK,
699,VTDD,HUYỆN ĐẤT ĐỎ,BA RIA VUNG TAU_VTU,VTU,HUYỆN ĐẤT ĐỎ-VTDD,DAK_NONG_DKG,
700,VTLT,HUYỆN LONG THÀNH,BA RIA VUNG TAU_VTU,VTU,HUYỆN LONG THÀNH-VTLT,DIEN_BIEN_DBN,
701,VTCD,HUYỆN CÔN ĐẢO,BA RIA VUNG TAU_VTU,VTU,HUYỆN CÔN ĐẢO-VTCD,DONG_NAI_DNI,
702,VTLD,HUYỆN LONG ĐIỀN,BA RIA VUNG TAU_VTU,VTU,HUYỆN LONG ĐIỀN-VTLD,DONG_THAP_DTP,
32,BGBG,THÀNH PHỐ BẮC GIANG,BAC GIANG_BGG,BGG,THÀNH PHỐ BẮC GIANG-BGBG,GIA_LAI_GLI,
33,BGHH,HUYỆN HIỆP HÒA,BAC GIANG_BGG,BGG,HUYỆN HIỆP HÒA-BGHH,HA_GIANG_HGG,
34,BGVY,HUYỆN VIỆT YÊN,BAC GIANG_BGG,BGG,HUYỆN VIỆT YÊN-BGVY,HA_NAM_HNM,
35,BGYT,HUYỆN YÊN THẾ,BAC GIANG_BGG,BGG,HUYỆN YÊN THẾ-BGYT,HA_NOI_HNI,
36,BGLN,HUYỆN LỤC NGẠN,BAC GIANG_BGG,BGG,HUYỆN LỤC NGẠN-BGLN,HA_TINH_HTH,
37,BGLG,HUYỆN LẠNG GIANG,BAC GIANG_BGG,BGG,HUYỆN LẠNG GIANG-BGLG,HAI_DUONG_HDG,
38,BGTY,HUYỆN TÂN YÊN,BAC GIANG_BGG,BGG,HUYỆN TÂN YÊN-BGTY,HAI_PHONG_HPG,
39,BGLM,HUYỆN LỤC NAM,BAC GIANG_BGG,BGG,HUYỆN LỤC NAM-BGLM,HAU_GIANG_HUG,
40,BGSD,HUYỆN SƠN ĐỘNG,BAC GIANG_BGG,BGG,HUYỆN SƠN ĐỘNG-BGSD,HO_CHI_MINH_HCM,
41,BGYD,HUYỆN YÊN DŨNG,BAC GIANG_BGG,BGG,HUYỆN YÊN DŨNG-BGYD,HOA_BINH_HBH,
42,BKCM,HUYỆN CHỢ MỚI,BAC KAN_BKN,BKN,HUYỆN CHỢ MỚI-BKCM,HUNG_YEN_HYN,
43,BKCD,HUYỆN CHỢ ĐỒN,BAC KAN_BKN,BKN,HUYỆN CHỢ ĐỒN-BKCD,KHANH_HOA_KHA,
44,BKNS,HUYỆN NGÂN SƠN,BAC KAN_BKN,BKN,HUYỆN NGÂN SƠN-BKNS,KIEN_GIANG_KGG,
45,BKBK,THỊ XÃ BẮC KẠN,BAC KAN_BKN,BKN,THỊ XÃ BẮC KẠN-BKBK,KON_TUM_KTM,
46,BKNR,HUYỆN NA RÌ,BAC KAN_BKN,BKN,HUYỆN NA RÌ-BKNR,LAI_CHAU_LCU,
47,BKBT,HUYỆN BẠCH THÔNG,BAC KAN_BKN,BKN,HUYỆN BẠCH THÔNG-BKBT,LAM_DONG_LDG,
48,BKBB,HUYỆN BA BỂ,BAC KAN_BKN,BKN,HUYỆN BA BỂ-BKBB,LANG_SON_LSN,
49,BKPN,HUYỆN PẮC NẶM,BAC KAN_BKN,BKN,HUYỆN PẮC NẶM-BKPN,LAO_CAI_LCI,
50,BLHB,HUYỆN HÒA BÌNH,BAC LIEU_BLU,BLU,HUYỆN HÒA BÌNH-BLHB,LONG_AN_LAN,
51,BLDH,HUYỆN ĐÔNG HẢI,BAC LIEU_BLU,BLU,HUYỆN ĐÔNG HẢI-BLDH,NAM_DINH_NDH,
52,BLBL,THỊ XÃ BẠC LIÊU,BAC LIEU_BLU,BLU,THỊ XÃ BẠC LIÊU-BLBL,NGHE_AN_NAN,
53,BLGR,HUYỆN GIÁ RAI,BAC LIEU_BLU,BLU,HUYỆN GIÁ RAI-BLGR,NINH_BINH_NBH,
54,BLVL,HUYỆN VĨNH LỢI,BAC LIEU_BLU,BLU,HUYỆN VĨNH LỢI-BLVL,NINH_THUAN_NTN,
55,BLHD,HUYỆN HỒNG DÂN,BAC LIEU_BLU,BLU,HUYỆN HỒNG DÂN-BLHD,PHU_THO_PHO,
56,BLPL,HUYỆN PHƯỚC LONG,BAC LIEU_BLU,BLU,HUYỆN PHƯỚC LONG-BLPL,PHU_YEN_PYN,
57,BNLT,HUYỆN LƯƠNG TÀI,BAC NINH_BNH,BNH,HUYỆN LƯƠNG TÀI-BNLT,QUANG_BINH_QBH,
58,BNBN,THÀNH PHỐ BẮC NINH,BAC NINH_BNH,BNH,THÀNH PHỐ BẮC NINH-BNBN,QUANG_NAM_QNM,
59,BNGB,HUYỆN GIA BÌNH,BAC NINH_BNH,BNH,HUYỆN GIA BÌNH-BNGB,QUANG_NGAI_QNI,
60,BNTT,HUYỆN THUẬN THÀNH,BAC NINH_BNH,BNH,HUYỆN THUẬN THÀNH-BNTT,QUANG_NINH_QNH,
61,BNQV,HUYỆN QUẾ VÕ,BAC NINH_BNH,BNH,HUYỆN QUẾ VÕ-BNQV,QUANG_TRI_QTI,
62,BNYP,HUYỆN YÊN PHONG,BAC NINH_BNH,BNH,HUYỆN YÊN PHONG-BNYP,SOC_TRANG_STG,
63,BNTD,HUYỆN TIÊN DU,BAC NINH_BNH,BNH,HUYỆN TIÊN DU-BNTD,SON_LA_SLA,
64,BNTS,HUYỆN TỪ SƠN,BAC NINH_BNH,BNH,HUYỆN TỪ SƠN-BNTS,TAY_NINH_TNH,
75,BTBI,HUYỆN BA TRI,BEN TRE_BTE,BTE,HUYỆN BA TRI-BTBI,THAI_BINH_TBH,
76,BTCL,HUYỆN CHỢ LÁCH,BEN TRE_BTE,BTE,HUYỆN CHỢ LÁCH-BTCL,THAI_NGUYEN_TNN,
77,BTBD,HUYỆN BÌNH ĐẠI,BEN TRE_BTE,BTE,HUYỆN BÌNH ĐẠI-BTBD,THANH_HOA_THA,
78,BTMN,HUYỆN MỎ CÀY NAM,BEN TRE_BTE,BTE,HUYỆN MỎ CÀY NAM-BTMN,THUA_THIEN_HUE_HUE,
79,BTMB,HUYỆN MỎ CÀY BẮC,BEN TRE_BTE,BTE,HUYỆN MỎ CÀY BẮC-BTMB,TIEN_GIANG_TGG,
80,BTTP,HUYỆN THẠNH PHÚ,BEN TRE_BTE,BTE,HUYỆN THẠNH PHÚ-BTTP,TRA_VINH_TVH,
81,BTGT,HUYỆN GIỒNG TRÔM,BEN TRE_BTE,BTE,HUYỆN GIỒNG TRÔM-BTGT,TUYEN_QUANG_TQG,
82,BTCT,HUYỆN CHÂU THÀNH,BEN TRE_BTE,BTE,HUYỆN CHÂU THÀNH-BTCT,VINH_LONG_VLG,
83,BTBT,THÀNH PHỐ BẾN TRE,BEN TRE_BTE,BTE,THÀNH PHỐ BẾN TRE-BTBT,VINH_PHUC_VPC,
21,BDTS,HUYÊN TÂY SƠN,BINH DINH_BDH,BDH,HUYÊN TÂY SƠN-BDTS,YEN_BAI_YBN,
22,BDHA,HUYỆN HOÀI ÂN,BINH DINH_BDH,BDH,HUYỆN HOÀI ÂN-BDHA,AGG,
23,BDVC,HUYỆN VÂN CANH,BINH DINH_BDH,BDH,HUYỆN VÂN CANH-BDVC,BDG,
24,BDAN,HUYỆN AN NHƠN,BINH DINH_BDH,BDH,HUYỆN AN NHƠN-BDAN,BDH,
25,BDHN,HUYỆN HOÀI NHƠN,BINH DINH_BDH,BDH,HUYỆN HOÀI NHƠN-BDHN,BGG,
26,BDAL,HUYỆN AN LÃO,BINH DINH_BDH,BDH,HUYỆN AN LÃO-BDAL,BKN,
27,BDVT,HUYỆN VĨNH THẠNH,BINH DINH_BDH,BDH,HUYỆN VĨNH THẠNH-BDVT,BLU,
28,BDTP,HUYỆN TUY PHƯỚC,BINH DINH_BDH,BDH,HUYỆN TUY PHƯỚC-BDTP,BNH,
29,BDPM,HUYỆN PHÙ MỸ,BINH DINH_BDH,BDH,HUYỆN PHÙ MỸ-BDPM,BPC,
30,BDQN,THÀNH PHỐ QUY NHƠN,BINH DINH_BDH,BDH,THÀNH PHỐ QUY NHƠN-BDQN,BTE,
31,BDPC,HUYỆN PHÙ CÁT,BINH DINH_BDH,BDH,HUYỆN PHÙ CÁT-BDPC,BTN,
12,BDTU,THỊ XÃ TÂN UYÊN,BINH DUONG_BDG,BDG,THỊ XÃ TÂN UYÊN-BDTU,CBG,
13,BDDA,THỊ XÃ DĨ AN,BINH DUONG_BDG,BDG,THỊ XÃ DĨ AN-BDDA,CMU,
14,BDBC,THỊ XÃ BẾN CÁT,BINH DUONG_BDG,BDG,THỊ XÃ BẾN CÁT-BDBC,CTO,
15,BDBB,HUYỆN BÀU BÀNG,BINH DUONG_BDG,BDG,HUYỆN BÀU BÀNG-BDBB,DBN,
16,BDBU,HUYỆN BẮC TÂN UYÊN,BINH DUONG_BDG,BDG,HUYỆN BẮC TÂN UYÊN-BDBU,DKG,
17,BDTA,THỊ XÃ THUẬN AN,BINH DUONG_BDG,BDG,THỊ XÃ THUẬN AN-BDTA,DLK,
18,BDPG,HUYỆN PHÚ GIÁO,BINH DUONG_BDG,BDG,HUYỆN PHÚ GIÁO-BDPG,DNG,
19,BDDT,HUYỆN DẦU TIẾNG,BINH DUONG_BDG,BDG,HUYỆN DẦU TIẾNG-BDDT,DNI,
20,BDTM,THỊ XÃ THỦ DẦU MỘT,BINH DUONG_BDG,BDG,THỊ XÃ THỦ DẦU MỘT-BDTM,DTP,
65,BPBP,HUYỆN BÙ ĐỐP,BINH PHUOC_BPC,BPC,HUYỆN BÙ ĐỐP-BPBP,GLI,
66,BPLN,HUYỆN LỘC NINH,BINH PHUOC_BPC,BPC,HUYỆN LỘC NINH-BPLN,HBH,
67,BPDX,THỊ XÃ ĐỒNG XOÀI,BINH PHUOC_BPC,BPC,THỊ XÃ ĐỒNG XOÀI-BPDX,HCM,
68,BPDP,HUYỆN ĐỒNG PHÚ,BINH PHUOC_BPC,BPC,HUYỆN ĐỒNG PHÚ-BPDP,HDG,
69,BPHQ,HUYỆN HỚN QUẢN,BINH PHUOC_BPC,BPC,HUYỆN HỚN QUẢN-BPHQ,HGG,
70,BPBL,THỊ XÃ BÌNH LONG,BINH PHUOC_BPC,BPC,THỊ XÃ BÌNH LONG-BPBL,HNI,
71,BPCT,HUYỆN CHƠN THÀNH,BINH PHUOC_BPC,BPC,HUYỆN CHƠN THÀNH-BPCT,HNM,
72,BPBD,HUYỆN BÙ ĐĂNG,BINH PHUOC_BPC,BPC,HUYỆN BÙ ĐĂNG-BPBD,HPG,
73,BPPL,THỊ XÃ PHƯỚC LONG,BINH PHUOC_BPC,BPC,THỊ XÃ PHƯỚC LONG-BPPL,HTH,
74,BPBM,HUYỆN BÙ GIA MẬP,BINH PHUOC_BPC,BPC,HUYỆN BÙ GIA MẬP-BPBM,HUE,
75,BPPR,HUYỆN PHÚ RIỀNG,BINH PHUOC_BPC,BPC,HUYỆN PHÚ RIỀNG-BPPR,HUG,
84,BTHB,HUYỆN HÀM THUẬN BẮC,BINH THUAN_BTN,BTN,HUYỆN HÀM THUẬN BẮC-BTHB,HYN,
85,BTPQ,HUYỆN PHÚ QUÝ,BINH THUAN_BTN,BTN,HUYỆN PHÚ QUÝ-BTPQ,KGG,
86,BTTG,HUYỆN TUY PHONG,BINH THUAN_BTN,BTN,HUYỆN TUY PHONG-BTTG,KHA,
87,BTTL,HUYỆN TÁNH LINH,BINH THUAN_BTN,BTN,HUYỆN TÁNH LINH-BTTL,KTM,
88,BTDL,HUYỆN ĐỨC LINH,BINH THUAN_BTN,BTN,HUYỆN ĐỨC LINH-BTDL,LAN,
89,BTLG,THỊ XÃ LA GI,BINH THUAN_BTN,BTN,THỊ XÃ LA GI-BTLG,LCI,
90,BTHT,HUYỆN HÀM TÂN,BINH THUAN_BTN,BTN,HUYỆN HÀM TÂN-BTHT,LCU,
91,BTHN,HUYỆN HÀM THUẬN NAM,BINH THUAN_BTN,BTN,HUYỆN HÀM THUẬN NAM-BTHN,LDG,
92,BTBB,HUYỆN BẮC BÌNH,BINH THUAN_BTN,BTN,HUYỆN BẮC BÌNH-BTBB,LSN,
93,BTPT,THÀNH PHỐ PHAN THIẾT,BINH THUAN_BTN,BTN,THÀNH PHỐ PHAN THIẾT-BTPT,NAN,
107,CMCN,HUYỆN CÁI NƯỚC,CA MAU_CMU,CMU,HUYỆN CÁI NƯỚC-CMCN,NBH,
108,CMNC,HUYỆN NĂM CĂN,CA MAU_CMU,CMU,HUYỆN NĂM CĂN-CMNC,NDH,
109,CMDD,HUYỆN ĐẦM DƠI,CA MAU_CMU,CMU,HUYỆN ĐẦM DƠI-CMDD,NTN,
110,CMNH,HUYỆN NGỌC HIỂN,CA MAU_CMU,CMU,HUYỆN NGỌC HIỂN-CMNH,PHO,
111,CMUM,HUYỆN U MINH,CA MAU_CMU,CMU,HUYỆN U MINH-CMUM,PYN,
112,CMTT,HUYỆN TRẦN VĂN THỜI,CA MAU_CMU,CMU,HUYỆN TRẦN VĂN THỜI-CMTT,QBH,
113,CMPT,HUYỆN PHÚ TÂN,CA MAU_CMU,CMU,HUYỆN PHÚ TÂN-CMPT,QNH,
114,CMCM,THÀNH PHỐ CÀ MAU,CA MAU_CMU,CMU,THÀNH PHỐ CÀ MAU-CMCM,QNI,
115,CMTB,HUYỆN THỚI BÌNH,CA MAU_CMU,CMU,HUYỆN THỚI BÌNH-CMTB,QNM,
116,CTOM,QUẬN Ô MÔN,CAN THO_CTO,CTO,QUẬN Ô MÔN-CTOM,QTI,
117,CTTL,HUYỆN THỚI LAI,CAN THO_CTO,CTO,HUYỆN THỚI LAI-CTTL,SLA,
118,CTNK,QUẬN NINH KIỀU,CAN THO_CTO,CTO,QUẬN NINH KIỀU-CTNK,STG,
119,CTTN,QUẬN THỐT NỐT,CAN THO_CTO,CTO,QUẬN THỐT NỐT-CTTN,TGG,
121,CTVT,HUYỆN VĨNH THẠNH,CAN THO_CTO,CTO,HUYỆN VĨNH THẠNH-CTVT,TNH,
123,CTPD,HUYỆN PHONG ĐIỀN,CAN THO_CTO,CTO,HUYỆN PHONG ĐIỀN-CTPD,TQG,
125,CTCR,QUẬN CÁI RĂNG,CAN THO_CTO,CTO,QUẬN CÁI RĂNG-CTCR,TVH,
126,CTCD,HUYỆN CỜ ĐỎ,CAN THO_CTO,CTO,HUYỆN CỜ ĐỎ-CTCD,VLG,
127,CTBT,QUẬN BÌNH THỦY,CAN THO_CTO,CTO,QUẬN BÌNH THỦY-CTBT,VPC,
94,CBTA,HUYỆN THẠCH AN,CAO BANG_CBG,CBG,HUYỆN THẠCH AN-CBTA,VTU,
95,CBHL,HUYỆN HẠ LANG,CAO BANG_CBG,CBG,HUYỆN HẠ LANG-CBHL,YBN,
96,CBNB,HUYỆN NGUYÊN BÌNH,CAO BANG_CBG,CBG,HUYỆN NGUYÊN BÌNH-CBNB,,
97,CBBL,HUYỆN BẢO LẠC,CAO BANG_CBG,CBG,HUYỆN BẢO LẠC-CBBL,,
98,CBPH,HUYỆN PHỤC HÒA,CAO BANG_CBG,CBG,HUYỆN PHỤC HÒA-CBPH,,
99,CBTK,HUYỆN TRÙNG KHÁNH,CAO BANG_CBG,CBG,HUYỆN TRÙNG KHÁNH-CBTK,,
100,CBTN,HUYỆN THÔNG NÔNG,CAO BANG_CBG,CBG,HUYỆN THÔNG NÔNG-CBTN,,
101,CBBM,HUYỆN BẢO LÂM,CAO BANG_CBG,CBG,HUYỆN BẢO LÂM-CBBM,,
102,CBCB,THỊ XÃ CAO BẰNG,CAO BANG_CBG,CBG,THỊ XÃ CAO BẰNG-CBCB,,
103,CBHQ,HUYỆN HÀ QUẢNG,CAO BANG_CBG,CBG,HUYỆN HÀ QUẢNG-CBHQ,,
104,CBTL,HUYỆN TRÀ LĨNH,CAO BANG_CBG,CBG,HUYỆN TRÀ LĨNH-CBTL,,
105,CBHA,HUYỆN HÒA AN,CAO BANG_CBG,CBG,HUYỆN HÒA AN-CBHA,,
106,CBQU,HUYỆN QUẢNG UYÊN,CAO BANG_CBG,CBG,HUYỆN QUẢNG UYÊN-CBQU,,
161,DNCL,QUẬN CẨM LỆ,DA NANG_DNG,DNG,QUẬN CẨM LỆ-DNCL,,
162,DNTK,QUẬN THANH KHÊ,DA NANG_DNG,DNG,QUẬN THANH KHÊ-DNTK,,
163,DNNS,QUẬN NGŨ HÀNH SƠN,DA NANG_DNG,DNG,QUẬN NGŨ HÀNH SƠN-DNNS,,
164,DNHC,QUẬN HẢI CHÂU,DA NANG_DNG,DNG,QUẬN HẢI CHÂU-DNHC,,
165,DNST,QUẬN SƠN TRÀ,DA NANG_DNG,DNG,QUẬN SƠN TRÀ-DNST,,
166,DNLC,QUẬN LIÊN CHIỂU,DA NANG_DNG,DNG,QUẬN LIÊN CHIỂU-DNLC,,
167,DNHS,HUYỆN HOÀNG SA,DA NANG_DNG,DNG,HUYỆN HOÀNG SA-DNHS,,
169,DNHV,HUYỆN HÒA VANG,DA NANG_DNG,DNG,HUYỆN HÒA VANG-DNHV,,
146,DLKK,HUYỆN KRÔNG BÚK,DAK LAK_DLK,DLK,HUYỆN KRÔNG BÚK-DLKK,,
147,DLKN,HUYỆN KRÔNG NĂNG,DAK LAK_DLK,DLK,HUYỆN KRÔNG NĂNG-DLKN,,
148,DLBH,THỊ XÃ BUÔN HỒ,DAK LAK_DLK,DLK,THỊ XÃ BUÔN HỒ-DLBH,,
149,DLEK,HUYỆN EA KAR,DAK LAK_DLK,DLK,HUYỆN EA KAR-DLEK,,
150,DLBT,THÀNH PHỐ BUÔN MA THUỘT,DAK LAK_DLK,DLK,THÀNH PHỐ BUÔN MA THUỘT-DLBT,,
151,DLKA,HUYỆN KRÔNG A NA,DAK LAK_DLK,DLK,HUYỆN KRÔNG A NA-DLKA,,
152,DLLK,HUYỆN LẮK,DAK LAK_DLK,DLK,HUYỆN LẮK-DLLK,,
153,DLCM,HUYỆN CƯ M'GAR,DAK LAK_DLK,DLK,HUYỆN CƯ M'GAR-DLCM,,
154,DLBD,HUYỆN BUÔN ĐÔN,DAK LAK_DLK,DLK,HUYỆN BUÔN ĐÔN-DLBD,,
155,DLES,HUYỆN EA SÚP,DAK LAK_DLK,DLK,HUYỆN EA SÚP-DLES,,
156,DLKB,HUYỆN KRÔNG BÔNG,DAK LAK_DLK,DLK,HUYỆN KRÔNG BÔNG-DLKB,,
157,DLMD,HUYỆN M'ĐRẮK,DAK LAK_DLK,DLK,HUYỆN M'ĐRẮK-DLMD,,
158,DLEH,HUYỆN EA H'LEO,DAK LAK_DLK,DLK,HUYỆN EA H'LEO-DLEH,,
159,DLCK,HUYỆN CƯ KUIN,DAK LAK_DLK,DLK,HUYỆN CƯ KUIN-DLCK,,
160,DLKP,HUYỆN KRÔNG PẮK,DAK LAK_DLK,DLK,HUYỆN KRÔNG PẮK-DLKP,,
138,DKDL,HUYỆN ĐẮK GLONG,DAK NONG_DKG,DKG,HUYỆN ĐẮK GLONG-DKDL,,
139,DKTD,HUYỆN TUY ĐỨC,DAK NONG_DKG,DKG,HUYỆN TUY ĐỨC-DKTD,,
140,DKGN,THỊ XÃ GIA NGHĨA,DAK NONG_DKG,DKG,THỊ XÃ GIA NGHĨA-DKGN,,
141,DKCJ,HUYỆN CƯ JÚT,DAK NONG_DKG,DKG,HUYỆN CƯ JÚT-DKCJ,,
142,DKKN,HUYỆN KRÔNG NÔ,DAK NONG_DKG,DKG,HUYỆN KRÔNG NÔ-DKKN,,
143,DKDS,HUYỆN ĐẮK SONG,DAK NONG_DKG,DKG,HUYỆN ĐẮK SONG-DKDS,,
144,DKDM,HUYỆN ĐẮK MIL,DAK NONG_DKG,DKG,HUYỆN ĐẮK MIL-DKDM,,
145,DKDR,HUYỆN ĐẮK RLẤP,DAK NONG_DKG,DKG,HUYỆN ĐẮK RLẤP-DKDR,,
128,DBDP,THÀNH PHỐ ĐIỆN BIÊN PHỦ,DIEN BIEN_DBN,DBN,THÀNH PHỐ ĐIỆN BIÊN PHỦ-DBDP,,
129,DBDB,HUYỆN ĐIỆN BIÊN,DIEN BIEN_DBN,DBN,HUYỆN ĐIỆN BIÊN-DBDB,,
130,DBDD,HUYỆN ĐIỆN BIÊN ĐÔNG,DIEN BIEN_DBN,DBN,HUYỆN ĐIỆN BIÊN ĐÔNG-DBDD,,
131,DBML,THỊ XÃ MƯỜNG LAY,DIEN BIEN_DBN,DBN,THỊ XÃ MƯỜNG LAY-DBML,,
132,DBMN,HUYỆN MƯỜNG NHÉ,DIEN BIEN_DBN,DBN,HUYỆN MƯỜNG NHÉ-DBMN,,
133,DBMA,HUYỆN MƯỜNG ÁNG,DIEN BIEN_DBN,DBN,HUYỆN MƯỜNG ÁNG-DBMA,,
134,DBNP,HUYỆN NẬM PỒ,DIEN BIEN_DBN,DBN,HUYỆN NẬM PỒ-DBNP,,
135,DBMC,HUYỆN MƯỜNG CHÀ,DIEN BIEN_DBN,DBN,HUYỆN MƯỜNG CHÀ-DBMC,,
136,DBTC,HUYỆN TỦA CHÙA,DIEN BIEN_DBN,DBN,HUYỆN TỦA CHÙA-DBTC,,
137,DBTG,HUYỆN TUẦN GIÁO,DIEN BIEN_DBN,DBN,HUYỆN TUẦN GIÁO-DBTG,,
170,DNTB,HUYỆN TRẢNG BOM,DONG NAI_DNI,DNI,HUYỆN TRẢNG BOM-DNTB,,
171,DNTP,HUYỆN TÂN PHÚ,DONG NAI_DNI,DNI,HUYỆN TÂN PHÚ-DNTP,,
172,DNTN,HUYỆN THỐNG NHẤT,DONG NAI_DNI,DNI,HUYỆN THỐNG NHẤT-DNTN,,
173,DNVC,HUYỆN VĨNH CỬU,DONG NAI_DNI,DNI,HUYỆN VĨNH CỬU-DNVC,,
174,DNNT,HUYỆN NHƠN TRẠCH,DONG NAI_DNI,DNI,HUYỆN NHƠN TRẠCH-DNNT,,
175,DNBH,THÀNH PHỐ BIÊN HÒA,DONG NAI_DNI,DNI,THÀNH PHỐ BIÊN HÒA-DNBH,,
176,DNCM,HUYỆN CẨM MỸ,DONG NAI_DNI,DNI,HUYỆN CẨM MỸ-DNCM,,
177,DNXL,HUYỆN XUÂN LỘC,DONG NAI_DNI,DNI,HUYỆN XUÂN LỘC-DNXL,,
178,DNDQ,HUYỆN ĐỊNH QUÁN,DONG NAI_DNI,DNI,HUYỆN ĐỊNH QUÁN-DNDQ,,
179,DNLT,HUYỆN LONG THÀNH,DONG NAI_DNI,DNI,HUYỆN LONG THÀNH-DNLT,,
180,DNLK,THỊ XÃ LONG KHÁNH,DONG NAI_DNI,DNI,THỊ XÃ LONG KHÁNH-DNLK,,
181,DTTH,HUYỆN TÂN HỒNG,DONG THAP_DTP,DTP,HUYỆN TÂN HỒNG-DTTH,,
182,DTLO,HUYỆN LẤP VÒ,DONG THAP_DTP,DTP,HUYỆN LẤP VÒ-DTLO,,
183,DTCL,THÀNH PHỐ CAO LÃNH,DONG THAP_DTP,DTP,THÀNH PHỐ CAO LÃNH-DTCL,,
184,DTLV,HUYỆN LAI VUNG,DONG THAP_DTP,DTP,HUYỆN LAI VUNG-DTLV,,
185,DTCT,HUYỆN CHÂU THÀNH,DONG THAP_DTP,DTP,HUYỆN CHÂU THÀNH-DTCT,,
186,DTHU,HUYỆN HỒNG NGỰ,DONG THAP_DTP,DTP,HUYỆN HỒNG NGỰ-DTHU,,
187,DTCH,HUYỆN CAO LÃNH,DONG THAP_DTP,DTP,HUYỆN CAO LÃNH-DTCH,,
188,DTSD,THỊ XÃ SA ĐÉC,DONG THAP_DTP,DTP,THỊ XÃ SA ĐÉC-DTSD,,
189,DTTM,HUYỆN THÁP MƯỜI,DONG THAP_DTP,DTP,HUYỆN THÁP MƯỜI-DTTM,,
190,DTTB,HUYỆN THANH BÌNH,DONG THAP_DTP,DTP,HUYỆN THANH BÌNH-DTTB,,
191,DTTN,HUYỆN TAM NÔNG,DONG THAP_DTP,DTP,HUYỆN TAM NÔNG-DTTN,,
192,GLCO,HUYỆN CHƯ PRÔNG,GIA LAI_GLI,GLI,HUYỆN CHƯ PRÔNG-GLCO,,
193,GLKP,HUYỆN KRÔNG PA,GIA LAI_GLI,GLI,HUYỆN KRÔNG PA-GLKP,,
194,GLPT,HUYỆN PHÚ THIỆN,GIA LAI_GLI,GLI,HUYỆN PHÚ THIỆN-GLPT,,
195,GLPL,THÀNH PHỐ PLEIKU,GIA LAI_GLI,GLI,THÀNH PHỐ PLEIKU-GLPL,,
196,GLDD,HUYỆN ĐĂK ĐOA,GIA LAI_GLI,GLI,HUYỆN ĐĂK ĐOA-GLDD,,
197,GLDP,HUYỆN ĐĂK PƠ,GIA LAI_GLI,GLI,HUYỆN ĐĂK PƠ-GLDP,,
198,GLIG,HUYỆN IA GRAI,GIA LAI_GLI,GLI,HUYỆN IA GRAI-GLIG,,
199,GLDC,HUYỆN ĐỨC CƠ,GIA LAI_GLI,GLI,HUYỆN ĐỨC CƠ-GLDC,,
200,GLCS,HUYỆN CHƯ SÊ,GIA LAI_GLI,GLI,HUYỆN CHƯ SÊ-GLCS,,
201,GLKB,HUYỆN KBANG,GIA LAI_GLI,GLI,HUYỆN KBANG-GLKB,,
202,GLKC,HUYỆN KÔNG CHRO,GIA LAI_GLI,GLI,HUYỆN KÔNG CHRO-GLKC,,
203,GLMY,HUYỆN MANG YANG,GIA LAI_GLI,GLI,HUYỆN MANG YANG-GLMY,,
204,GLCP,HUYỆN CHƯ PĂH,GIA LAI_GLI,GLI,HUYỆN CHƯ PĂH-GLCP,,
205,GLIP,HUYỆN IA PA,GIA LAI_GLI,GLI,HUYỆN IA PA-GLIP,,
206,GLCH,HUYỆN CHƯ PƯH,GIA LAI_GLI,GLI,HUYỆN CHƯ PƯH-GLCH,,
207,GLAK,THỊ XÃ AN KHÊ,GIA LAI_GLI,GLI,THỊ XÃ AN KHÊ-GLAK,,
208,GLAP,THỊ XÃ AYUN PA,GIA LAI_GLI,GLI,THỊ XÃ AYUN PA-GLAP,,
256,HGHP,HUYỆN HOÀNG SU PHÌ,HA GIANG_HGG,HGG,HUYỆN HOÀNG SU PHÌ-HGHP,,
257,HGQB,HUYỆN QUẢN BẠ,HA GIANG_HGG,HGG,HUYỆN QUẢN BẠ-HGQB,,
258,HGVX,HUYỆN VỊ XUYÊN,HA GIANG_HGG,HGG,HUYỆN VỊ XUYÊN-HGVX,,
259,HGBM,HUYỆN BẮC MÊ,HA GIANG_HGG,HGG,HUYỆN BẮC MÊ-HGBM,,
260,HGXM,HUYỆN XÍN MẦN,HA GIANG_HGG,HGG,HUYỆN XÍN MẦN-HGXM,,
261,HGBQ,HUYỆN BẮC QUANG,HA GIANG_HGG,HGG,HUYỆN BẮC QUANG-HGBQ,,
262,HGHG,THỊ XÃ HÀ GIANG,HA GIANG_HGG,HGG,THỊ XÃ HÀ GIANG-HGHG,,
263,HGDV,HUYỆN ĐỒNG VĂN,HA GIANG_HGG,HGG,HUYỆN ĐỒNG VĂN-HGDV,,
264,HGYM,HUYỆN YÊN MINH,HA GIANG_HGG,HGG,HUYỆN YÊN MINH-HGYM,,
265,HGMV,HUYỆN MÈO VẠC,HA GIANG_HGG,HGG,HUYỆN MÈO VẠC-HGMV,,
266,HGBH,HUYỆN QUANG BÌNH,HA GIANG_HGG,HGG,HUYỆN QUANG BÌNH-HGBH,,
298,HMDT,HUYỆN DUY TIÊN,HA NAM_HNM,HNM,HUYỆN DUY TIÊN-HMDT,,
299,HMKB,HUYỆN KIM BẢNG,HA NAM_HNM,HNM,HUYỆN KIM BẢNG-HMKB,,
300,HMLN,HUYỆN LÝ NHÂN,HA NAM_HNM,HNM,HUYỆN LÝ NHÂN-HMLN,,
301,HMPL,THỊ XÃ PHỦ LÝ,HA NAM_HNM,HNM,THỊ XÃ PHỦ LÝ-HMPL,,
302,HMTL,HUYỆN THANH LIÊM,HA NAM_HNM,HNM,HUYỆN THANH LIÊM-HMTL,,
303,HMBL,HUYỆN BÌNH LỤC,HA NAM_HNM,HNM,HUYỆN BÌNH LỤC-HMBL,,
267,HNHK,QUẬN HOÀN KIẾM,HA NOI_HNI,HNI,QUẬN HOÀN KIẾM-HNHK,,
268,HNBV,HUYỆN BA VÌ,HA NOI_HNI,HNI,HUYỆN BA VÌ-HNBV,,
269,HNHC,HUYỆN HOÀI ĐỨC,HA NOI_HNI,HNI,HUYỆN HOÀI ĐỨC-HNHC,,
270,HNHM,QUẬN HOÀNG MAI,HA NOI_HNI,HNI,QUẬN HOÀNG MAI-HNHM,,
271,HNTT,HUYỆN THẠCH THẤT,HA NOI_HNI,HNI,HUYỆN THẠCH THẤT-HNTT,,
272,HNCM,HUYỆN CHƯƠNG MỸ,HA NOI_HNI,HNI,HUYỆN CHƯƠNG MỸ-HNCM,,
273,HNSS,HUYỆN SÓC SƠN,HA NOI_HNI,HNI,HUYỆN SÓC SƠN-HNSS,,
274,HNGL,HUYỆN GIA LÂM,HA NOI_HNI,HNI,HUYỆN GIA LÂM-HNGL,,
275,HNHT,QUẬN HAI BÀ TRƯNG,HA NOI_HNI,HNI,QUẬN HAI BÀ TRƯNG-HNHT,,
276,HNTH,QUẬN TÂY HỒ,HA NOI_HNI,HNI,QUẬN TÂY HỒ-HNTH,,
277,HNML,HUYỆN MÊ LINH,HA NOI_HNI,HNI,HUYỆN MÊ LINH-HNML,,
278,HNTI,HUYỆN THANH TRÌ,HA NOI_HNI,HNI,HUYỆN THANH TRÌ-HNTI,,
279,HNUH,HUYỆN ỨNG HÒA,HA NOI_HNI,HNI,HUYỆN ỨNG HÒA-HNUH,,
280,HNCG,QUẬN CẦU GIẤY,HA NOI_HNI,HNI,QUẬN CẦU GIẤY-HNCG,,
281,HNPT,HUYỆN PHÚC THỌ,HA NOI_HNI,HNI,HUYỆN PHÚC THỌ-HNPT,,
282,HNTO,HUYỆN THANH OAI,HA NOI_HNI,HNI,HUYỆN THANH OAI-HNTO,,
283,HNMD,HUYỆN MỸ ĐỨC,HA NOI_HNI,HNI,HUYỆN MỸ ĐỨC-HNMD,,
284,HNST,THỊ XÃ SƠN TÂY,HA NOI_HNI,HNI,THỊ XÃ SƠN TÂY-HNST,,
285,HNDP,HUYỆN ĐAN PHƯỢNG,HA NOI_HNI,HNI,HUYỆN ĐAN PHƯỢNG-HNDP,,
286,HNLB,QUẬN LONG BIÊN,HA NOI_HNI,HNI,QUẬN LONG BIÊN-HNLB,,
287,HNQO,HUYỆN QUỐC OAI,HA NOI_HNI,HNI,HUYỆN QUỐC OAI-HNQO,,
288,HNBD,QUẬN BA ĐÌNH,HA NOI_HNI,HNI,QUẬN BA ĐÌNH-HNBD,,
289,HNTX,QUẬN THANH XUÂN,HA NOI_HNI,HNI,QUẬN THANH XUÂN-HNTX,,
290,HNDD,QUẬN ĐỐNG ĐA,HA NOI_HNI,HNI,QUẬN ĐỐNG ĐA-HNDD,,
291,HNNL,QUẬN NAM TỪ LIÊM,HA NOI_HNI,HNI,QUẬN NAM TỪ LIÊM-HNNL,,
292,HNBL,QUẬN BẮC TỪ LIÊM,HA NOI_HNI,HNI,QUẬN BẮC TỪ LIÊM-HNBL,,
293,HNPX,HUYỆN PHÚ XUYÊN,HA NOI_HNI,HNI,HUYỆN PHÚ XUYÊN-HNPX,,
294,HNDA,HUYỆN ĐÔNG ANH,HA NOI_HNI,HNI,HUYỆN ĐÔNG ANH-HNDA,,
296,HNHD,TP HÀ ĐÔNG,HA NOI_HNI,HNI,TP HÀ ĐÔNG-HNHD,,
297,HNTN,HUYỆN THƯỜNG TÍN,HA NOI_HNI,HNI,HUYỆN THƯỜNG TÍN-HNTN,,
319,HTVQ,HUYỆN VŨ QUANG,HA TINH_HTH,HTH,HUYỆN VŨ QUANG-HTVQ,,
320,HTDT,HUYỆN ĐỨC THỌ,HA TINH_HTH,HTH,HUYỆN ĐỨC THỌ-HTDT,,
321,HTCL,HUYỆN CAN LỘC,HA TINH_HTH,HTH,HUYỆN CAN LỘC-HTCL,,
322,HTLH,HUYỆN LỘC HÀ,HA TINH_HTH,HTH,HUYỆN LỘC HÀ-HTLH,,
323,HTNX,HUYỆN NGHI XUÂN,HA TINH_HTH,HTH,HUYỆN NGHI XUÂN-HTNX,,
324,HTHS,HUYỆN HƯƠNG SƠN,HA TINH_HTH,HTH,HUYỆN HƯƠNG SƠN-HTHS,,
325,HTHK,HUYỆN HƯƠNG KHÊ,HA TINH_HTH,HTH,HUYỆN HƯƠNG KHÊ-HTHK,,
326,HTCX,HUYỆN CẨM XUYÊN,HA TINH_HTH,HTH,HUYỆN CẨM XUYÊN-HTCX,,
327,HTHT,THÀNH PHỐ HÀ TĨNH,HA TINH_HTH,HTH,THÀNH PHỐ HÀ TĨNH-HTHT,,
328,HTTH,HUYỆN THẠCH HÀ,HA TINH_HTH,HTH,HUYỆN THẠCH HÀ-HTTH,,
329,HTKH,HUYỆN KỲ ANH,HA TINH_HTH,HTH,HUYỆN KỲ ANH-HTKH,,
330,HTHL,THỊ XÃ HỒNG LĨNH,HA TINH_HTH,HTH,THỊ XÃ HỒNG LĨNH-HTHL,,
331,HTKA,THỊ XÃ KỲ ANH,HA TINH_HTH,HTH,THỊ XÃ KỲ ANH-HTKA,,
244,HDHD,TP HẢI DƯƠNG,HAI DUONG_HDG,HDG,TP HẢI DƯƠNG-HDHD,,
245,HDNG,HUYỆN NINH GIANG,HAI DUONG_HDG,HDG,HUYỆN NINH GIANG-HDNG,,
246,HDTK,HUYỆN TỨ KỲ,HAI DUONG_HDG,HDG,HUYỆN TỨ KỲ-HDTK,,
247,HDTH,HUYỆN THANH HÀ ,HAI DUONG_HDG,HDG,HUYỆN THANH HÀ -HDTH,,
248,HDCG,HUYỆN CẨM GIÀNG,HAI DUONG_HDG,HDG,HUYỆN CẨM GIÀNG-HDCG,,
249,HDTM,HUYỆN THANH MIỆN,HAI DUONG_HDG,HDG,HUYỆN THANH MIỆN-HDTM,,
250,HDNS,HUYỆN NAM SÁCH,HAI DUONG_HDG,HDG,HUYỆN NAM SÁCH-HDNS,,
251,HDKM,HUYỆN KINH MÔN,HAI DUONG_HDG,HDG,HUYỆN KINH MÔN-HDKM,,
252,HDCL,HUYỆN CHÍ LINH,HAI DUONG_HDG,HDG,HUYỆN CHÍ LINH-HDCL,,
253,HDBG,HUYỆN BÌNH GIANG,HAI DUONG_HDG,HDG,HUYỆN BÌNH GIANG-HDBG,,
254,HDGL,HUYỆN GIA LỘC,HAI DUONG_HDG,HDG,HUYỆN GIA LỘC-HDGL,,
255,HDKT,HUYỆN KIM THÀNH ,HAI DUONG_HDG,HDG,HUYỆN KIM THÀNH -HDKT,,
304,HPHB,QUẬN HỒNG BÀNG,HAI PHONG_HPG,HPG,QUẬN HỒNG BÀNG-HPHB,,
305,HPDS,QUẬN ĐỒ SƠN,HAI PHONG_HPG,HPG,QUẬN ĐỒ SƠN-HPDS,,
306,HPLC,QUẬN LÊ CHÂN,HAI PHONG_HPG,HPG,QUẬN LÊ CHÂN-HPLC,,
307,HPAD,HUYỆN AN DƯƠNG,HAI PHONG_HPG,HPG,HUYỆN AN DƯƠNG-HPAD,,
308,HPBV,HUYỆN ĐẢO BẠCH LONG VĨ,HAI PHONG_HPG,HPG,HUYỆN ĐẢO BẠCH LONG VĨ-HPBV,,
309,HPKT,HUYỆN KIẾN THỤY,HAI PHONG_HPG,HPG,HUYỆN KIẾN THỤY-HPKT,,
310,HPDK,QUẬN DƯƠNG KINH,HAI PHONG_HPG,HPG,QUẬN DƯƠNG KINH-HPDK,,
311,HPAL,HUYỆN AN LÃO,HAI PHONG_HPG,HPG,HUYỆN AN LÃO-HPAL,,
312,HPVB,HUYỆN VĨNH BẢO,HAI PHONG_HPG,HPG,HUYỆN VĨNH BẢO-HPVB,,
313,HPKA,QUẬN KIẾN AN,HAI PHONG_HPG,HPG,QUẬN KIẾN AN-HPKA,,
314,HPCH,HUYỆN ĐẢO CÁT HẢI,HAI PHONG_HPG,HPG,HUYỆN ĐẢO CÁT HẢI-HPCH,,
315,HPTN,HUYỆN THỦY NGUYÊN,HAI PHONG_HPG,HPG,HUYỆN THỦY NGUYÊN-HPTN,,
316,HPNQ,QUẬN NGÔ QUYỀN,HAI PHONG_HPG,HPG,QUẬN NGÔ QUYỀN-HPNQ,,
317,HPTL,HUYỆN TIÊN LÃNG,HAI PHONG_HPG,HPG,HUYỆN TIÊN LÃNG-HPTL,,
318,HPHA,QUẬN HẢI AN,HAI PHONG_HPG,HPG,QUẬN HẢI AN-HPHA,,
340,HGVT,TP. VỊ THANH,HAU GIANG_HUG,HUG,TP. VỊ THANH-HGVT,,
341,HGCA,HUYỆN CHÂU THÀNH A,HAU GIANG_HUG,HUG,HUYỆN CHÂU THÀNH A-HGCA,,
342,HGLY,HUYỆN LONG MỸ,HAU GIANG_HUG,HUG,HUYỆN LONG MỸ-HGLY,,
343,HGCT,HUYỆN CHÂU THÀNH ,HAU GIANG_HUG,HUG,HUYỆN CHÂU THÀNH -HGCT,,
344,HGVY,HUYỆN VỊ THỦY,HAU GIANG_HUG,HUG,HUYỆN VỊ THỦY-HGVY,,
345,HGNB,THỊ XÃ NGÃ BẢY,HAU GIANG_HUG,HUG,THỊ XÃ NGÃ BẢY-HGNB,,
346,HGPH,HUYỆN PHỤNG HIỆP,HAU GIANG_HUG,HUG,HUYỆN PHỤNG HIỆP-HGPH,,
347,HGLM,THỊ XÃ LONG MỸ,HAU GIANG_HUG,HUG,THỊ XÃ LONG MỸ-HGLM,,
220,HCQ6,QUẬN 6,HO CHI MINH_HCM,HCM,QUẬN 6-HCQ6,,
221,HCQ5,QUẬN 5,HO CHI MINH_HCM,HCM,QUẬN 5-HCQ5,,
222,HCQ3,QUẬN 3,HO CHI MINH_HCM,HCM,QUẬN 3-HCQ3,,
223,HCTB,QUẬN TÂN BÌNH,HO CHI MINH_HCM,HCM,QUẬN TÂN BÌNH-HCTB,,
224,HCCC,HUYỆN CỦ CHI,HO CHI MINH_HCM,HCM,HUYỆN CỦ CHI-HCCC,,
225,HCNB,HUYỆN NHÀ BÈ,HO CHI MINH_HCM,HCM,HUYỆN NHÀ BÈ-HCNB,,
226,HC10,QUẬN 10,HO CHI MINH_HCM,HCM,QUẬN 10-HC10,,
227,HCQ7,QUẬN 7,HO CHI MINH_HCM,HCM,QUẬN 7-HCQ7,,
228,HC12,QUẬN 12,HO CHI MINH_HCM,HCM,QUẬN 12-HC12,,
229,HCQ9,QUẬN 9,HO CHI MINH_HCM,HCM,QUẬN 9-HCQ9,,
230,HCCG,HUYỆN CẦN GIỜ,HO CHI MINH_HCM,HCM,HUYỆN CẦN GIỜ-HCCG,,
231,HCQ1,QUẬN 1,HO CHI MINH_HCM,HCM,QUẬN 1-HCQ1,,
232,HCGV,QUẬN GÒ VẤP,HO CHI MINH_HCM,HCM,QUẬN GÒ VẤP-HCGV,,
233,HC11,QUẬN 11,HO CHI MINH_HCM,HCM,QUẬN 11-HC11,,
234,HCBT,QUẬN BÌNH TÂN,HO CHI MINH_HCM,HCM,QUẬN BÌNH TÂN-HCBT,,
235,HCQ8,QUẬN 8,HO CHI MINH_HCM,HCM,QUẬN 8-HCQ8,,
236,HCQ4,QUẬN 4,HO CHI MINH_HCM,HCM,QUẬN 4-HCQ4,,
237,HCBC,HUYỆN BÌNH CHÁNH,HO CHI MINH_HCM,HCM,HUYỆN BÌNH CHÁNH-HCBC,,
238,HCTD,QUẬN THỦ ĐỨC,HO CHI MINH_HCM,HCM,QUẬN THỦ ĐỨC-HCTD,,
239,HCBH,QUẬN BÌNH THẠNH,HO CHI MINH_HCM,HCM,QUẬN BÌNH THẠNH-HCBH,,
240,HCPN,QUẬN PHÚ NHUẬN,HO CHI MINH_HCM,HCM,QUẬN PHÚ NHUẬN-HCPN,,
241,HCQ2,QUẬN 2,HO CHI MINH_HCM,HCM,QUẬN 2-HCQ2,,
242,HCTP,QUẬN TÂN PHÚ,HO CHI MINH_HCM,HCM,QUẬN TÂN PHÚ-HCTP,,
243,HCHM,HUYỆN HÓC MÔN,HO CHI MINH_HCM,HCM,HUYỆN HÓC MÔN-HCHM,,
209,HBKS,HUYỆN KỲ SƠN,HOA BINH_HBH,HBH,HUYỆN KỲ SƠN-HBKS,,
210,HBLT,HUYỆN LẠC THỦY,HOA BINH_HBH,HBH,HUYỆN LẠC THỦY-HBLT,,
211,HBKB,HUYỆN KIM BÔI,HOA BINH_HBH,HBH,HUYỆN KIM BÔI-HBKB,,
212,HBTL,HUYỆN TÂN LẠC,HOA BINH_HBH,HBH,HUYỆN TÂN LẠC-HBTL,,
213,HBLN,HUYỆN LƯƠNG SƠN,HOA BINH_HBH,HBH,HUYỆN LƯƠNG SƠN-HBLN,,
214,HBYT,HUYỆN YÊN THỦY,HOA BINH_HBH,HBH,HUYỆN YÊN THỦY-HBYT,,
215,HBCP,HUYỆN CAO PHONG,HOA BINH_HBH,HBH,HUYỆN CAO PHONG-HBCP,,
216,HBDB,HUYỆN ĐÀ BẮC,HOA BINH_HBH,HBH,HUYỆN ĐÀ BẮC-HBDB,,
217,HBLS,HUYỆN LẠC SƠN,HOA BINH_HBH,HBH,HUYỆN LẠC SƠN-HBLS,,
218,HBHB,THỊ XÃ HÒA BÌNH,HOA BINH_HBH,HBH,THỊ XÃ HÒA BÌNH-HBHB,,
219,HBMC,HUYỆN MAI CHÂU,HOA BINH_HBH,HBH,HUYỆN MAI CHÂU-HBMC,,
347,HYPU,HUYỆN PHÙ CỪ,HUNG YEN_HYN,HYN,HUYỆN PHÙ CỪ-HYPU,,
348,HYVL,HUYỆN VĂN LÂM,HUNG YEN_HYN,HYN,HUYỆN VĂN LÂM-HYVL,,
349,HYKC,HUYỆN KHOÁI CHÂU,HUNG YEN_HYN,HYN,HUYỆN KHOÁI CHÂU-HYKC,,
350,HYAT,HUYỆN ÂN THI,HUNG YEN_HYN,HYN,HUYỆN ÂN THI-HYAT,,
351,HYVG,HUYỆN VĂN GIANG,HUNG YEN_HYN,HYN,HUYỆN VĂN GIANG-HYVG,,
352,HYMH,HUYỆN MỸ HÀO,HUNG YEN_HYN,HYN,HUYỆN MỸ HÀO-HYMH,,
353,HYKD,HUYỆN KIM ĐỘNG,HUNG YEN_HYN,HYN,HUYỆN KIM ĐỘNG-HYKD,,
354,HYTL,HUYỆN TIÊN LỮ ,HUNG YEN_HYN,HYN,HUYỆN TIÊN LỮ -HYTL,,
355,HYYM,HUYỆN YÊN MỸ,HUNG YEN_HYN,HYN,HUYỆN YÊN MỸ-HYYM,,
356,HYHY,THỊ XÃ HƯNG YÊN,HUNG YEN_HYN,HYN,THỊ XÃ HƯNG YÊN-HYHY,,
372,KHNT,THÀNH PHỐ NHA TRANG,KHANH HOA_KHA,KHA,THÀNH PHỐ NHA TRANG-KHNT,,
373,KHNH,HUYỆN NINH HÒA,KHANH HOA_KHA,KHA,HUYỆN NINH HÒA-KHNH,,
374,KHKS,HUYỆN KHÁNH SƠN,KHANH HOA_KHA,KHA,HUYỆN KHÁNH SƠN-KHKS,,
375,KHCR,THÀNH PHỐ CAM RANH,KHANH HOA_KHA,KHA,THÀNH PHỐ CAM RANH-KHCR,,
376,KHDK,HUYỆN DIÊN KHÁNH,KHANH HOA_KHA,KHA,HUYỆN DIÊN KHÁNH-KHDK,,
377,KHKV,HUYỆN KHÁNH VĨNH,KHANH HOA_KHA,KHA,HUYỆN KHÁNH VĨNH-KHKV,,
378,KHTS,HUYỆN TRƯỜNG SA,KHANH HOA_KHA,KHA,HUYỆN TRƯỜNG SA-KHTS,,
379,KHCL,HUYỆN CAM LÂM,KHANH HOA_KHA,KHA,HUYỆN CAM LÂM-KHCL,,
380,KHVN,HUYỆN VẠN NINH,KHANH HOA_KHA,KHA,HUYỆN VẠN NINH-KHVN,,
357,KGAB,HUYỆN AN BIÊN,KIEN GIANG_KGG,KGG,HUYỆN AN BIÊN-KGAB,,
358,KGGR,HUYỆN GIỒNG RIỀNG,KIEN GIANG_KGG,KGG,HUYỆN GIỒNG RIỀNG-KGGR,,
359,KGUT,HUYỆN U MINH THƯỢNG,KIEN GIANG_KGG,KGG,HUYỆN U MINH THƯỢNG-KGUT,,
360,KGKL,HUYỆN KIÊN LƯƠNG,KIEN GIANG_KGG,KGG,HUYỆN KIÊN LƯƠNG-KGKL,,
361,KGCT,HUYỆN CHÂU THÀNH,KIEN GIANG_KGG,KGG,HUYỆN CHÂU THÀNH-KGCT,,
362,KGHD,HUYỆN HÒN ĐẤT,KIEN GIANG_KGG,KGG,HUYỆN HÒN ĐẤT-KGHD,,
363,KGGT,HUYÊN GIANG THÀNH,KIEN GIANG_KGG,KGG,HUYÊN GIANG THÀNH-KGGT,,
364,KGVT,HUYỆN VĨNH THUẬN,KIEN GIANG_KGG,KGG,HUYỆN VĨNH THUẬN-KGVT,,
365,KGRG,THÀNH PHỐ RẠCH GIÁ,KIEN GIANG_KGG,KGG,THÀNH PHỐ RẠCH GIÁ-KGRG,,
366,KGTH,HUYỆN TÂN HIỆP,KIEN GIANG_KGG,KGG,HUYỆN TÂN HIỆP-KGTH,,
367,KGPQ,HUYỆN PHÚ QUỐC,KIEN GIANG_KGG,KGG,HUYỆN PHÚ QUỐC-KGPQ,,
368,KGGQ,HUYỆN GÒ QUAO,KIEN GIANG_KGG,KGG,HUYỆN GÒ QUAO-KGGQ,,
369,KGHT,THỊ XÃ HÀ TIÊN,KIEN GIANG_KGG,KGG,THỊ XÃ HÀ TIÊN-KGHT,,
370,KGKH,HUYỆN KIÊN HẢI,KIEN GIANG_KGG,KGG,HUYỆN KIÊN HẢI-KGKH,,
371,KGAM,HUYỆN AN MINH,KIEN GIANG_KGG,KGG,HUYỆN AN MINH-KGAM,,
381,KTDH,HUYỆN ĐẮK HÀ,KON TUM_KTM,KTM,HUYỆN ĐẮK HÀ-KTDH,,
382,KTST,HUYỆN SA THẦY,KON TUM_KTM,KTM,HUYỆN SA THẦY-KTST,,
383,KTTR,HUYỆN TU MƠ RÔNG,KON TUM_KTM,KTM,HUYỆN TU MƠ RÔNG-KTTR,,
384,KTKP,HUYỆN KON PLÔNG,KON TUM_KTM,KTM,HUYỆN KON PLÔNG-KTKP,,
385,KTKT,THÀNH PHỐ KON TUM,KON TUM_KTM,KTM,THÀNH PHỐ KON TUM-KTKT,,
386,KTDT,HUYỆN ĐẮK TÔ,KON TUM_KTM,KTM,HUYỆN ĐẮK TÔ-KTDT,,
387,KTNH,HUYỆN NGỌC HỒI,KON TUM_KTM,KTM,HUYỆN NGỌC HỒI-KTNH,,
388,KTKR,HUYỆN KON RẪY,KON TUM_KTM,KTM,HUYỆN KON RẪY-KTKR,,
389,KTDG,HUYỆN ĐẮK GLEI,KON TUM_KTM,KTM,HUYỆN ĐẮK GLEI-KTDG,,
390,KTIH,HUYỆN IA H'DRAI,KON TUM_KTM,KTM,HUYỆN IA H'DRAI-KTIH,,
413,LCTG,HUYỆN TAM ĐƯỜNG,LAI CHAU_LCU,LCU,HUYỆN TAM ĐƯỜNG-LCTG,,
414,LCPT,HUYỆN PHONG THỔ,LAI CHAU_LCU,LCU,HUYỆN PHONG THỔ-LCPT,,
415,LCSH,HUYỆN SÌN HỒ,LAI CHAU_LCU,LCU,HUYỆN SÌN HỒ-LCSH,,
416,LCTN,HUYỆN THAN UYÊN,LAI CHAU_LCU,LCU,HUYỆN THAN UYÊN-LCTN,,
417,LCMT,HUYỆN MƯỜNG TÈ,LAI CHAU_LCU,LCU,HUYỆN MƯỜNG TÈ-LCMT,,
418,LCTU,HUYỆN TÂN UYÊN,LAI CHAU_LCU,LCU,HUYỆN TÂN UYÊN-LCTU,,
419,LCNN,HUYỆN NẬM NHÙN,LAI CHAU_LCU,LCU,HUYỆN NẬM NHÙN-LCNN,,
420,LCLU,THỊ XÃ LAI CHÂU,LAI CHAU_LCU,LCU,THỊ XÃ LAI CHÂU-LCLU,,
421,LDLD,HUYỆN LẠC DƯƠNG,LAM DONG_LDG,LDG,HUYỆN LẠC DƯƠNG-LDLD,,
422,LDBM,HUYỆN BẢO LÂM,LAM DONG_LDG,LDG,HUYỆN BẢO LÂM-LDBM,,
423,LDCT,HUYỆN CÁT TIÊN,LAM DONG_LDG,LDG,HUYỆN CÁT TIÊN-LDCT,,
424,LDDI,HUYỆN DI LINH,LAM DONG_LDG,LDG,HUYỆN DI LINH-LDDI,,
425,LDDH,HUYỆN ĐẠ HUOAI,LAM DONG_LDG,LDG,HUYỆN ĐẠ HUOAI-LDDH,,
426,LDLH,HUYỆN LÂM HÀ,LAM DONG_LDG,LDG,HUYỆN LÂM HÀ-LDLH,,
427,LDDL,THÀNH PHỐ ĐÀ LẠT,LAM DONG_LDG,LDG,THÀNH PHỐ ĐÀ LẠT-LDDL,,
428,LDDA,HUYỆN ĐẠ TẺH,LAM DONG_LDG,LDG,HUYỆN ĐẠ TẺH-LDDA,,
429,LDDR,HUYỆN ĐAM RÔNG,LAM DONG_LDG,LDG,HUYỆN ĐAM RÔNG-LDDR,,
430,LDBL,THỊ XÃ BẢO LỘC,LAM DONG_LDG,LDG,THỊ XÃ BẢO LỘC-LDBL,,
431,LDDD,HUYỆN ĐƠN DƯƠNG,LAM DONG_LDG,LDG,HUYỆN ĐƠN DƯƠNG-LDDD,,
432,LDDT,HUYỆN ĐỨC TRỌNG,LAM DONG_LDG,LDG,HUYỆN ĐỨC TRỌNG-LDDT,,
433,LSVQ,HUYỆN VĂN QUAN,LANG SON_LSN,LSN,HUYỆN VĂN QUAN-LSVQ,,
434,LSHL,HUYỆN HỮU LŨNG,LANG SON_LSN,LSN,HUYỆN HỮU LŨNG-LSHL,,
435,LSCG,HUYỆN CHI LĂNG,LANG SON_LSN,LSN,HUYỆN CHI LĂNG-LSCG,,
436,LSBS,HUYỆN BẮC SƠN,LANG SON_LSN,LSN,HUYỆN BẮC SƠN-LSBS,,
437,LSVL,HUYỆN VĂN LÃNG,LANG SON_LSN,LSN,HUYỆN VĂN LÃNG-LSVL,,
438,LSLB,HUYỆN LỘC BÌNH,LANG SON_LSN,LSN,HUYỆN LỘC BÌNH-LSLB,,
439,LSCL,HUYỆN CAO LỘC,LANG SON_LSN,LSN,HUYỆN CAO LỘC-LSCL,,
440,LSDL,HUYỆN ĐÌNH LẬP,LANG SON_LSN,LSN,HUYỆN ĐÌNH LẬP-LSDL,,
441,LSBG,HUYỆN BÌNH GIA,LANG SON_LSN,LSN,HUYỆN BÌNH GIA-LSBG,,
442,LSLS,THÀNH PHỐ LẠNG SƠN,LANG SON_LSN,LSN,THÀNH PHỐ LẠNG SƠN-LSLS,,
443,LSTD,HUYỆN TRÀNG ĐỊNH,LANG SON_LSN,LSN,HUYỆN TRÀNG ĐỊNH-LSTD,,
404,LCLC,THÀNH PHỐ LÀO CAI,LAO CAI_LCI,LCI,THÀNH PHỐ LÀO CAI-LCLC,,
405,LCSP,HUYỆN SA PA,LAO CAI_LCI,LCI,HUYỆN SA PA-LCSP,,
406,LCMK,HUYỆN MƯỜNG KHƯƠNG,LAO CAI_LCI,LCI,HUYỆN MƯỜNG KHƯƠNG-LCMK,,
407,LCBX,HUYỆN BÁT XÁT,LAO CAI_LCI,LCI,HUYỆN BÁT XÁT-LCBX,,
408,LCVB,HUYỆN VĂN BÀN,LAO CAI_LCI,LCI,HUYỆN VĂN BÀN-LCVB,,
409,LCBH,HUYỆN BẮC HÀ,LAO CAI_LCI,LCI,HUYỆN BẮC HÀ-LCBH,,
410,LCSC,HUYỆN SI MA CAI,LAO CAI_LCI,LCI,HUYỆN SI MA CAI-LCSC,,
411,LCBY,HUYỆN BẢO YÊN,LAO CAI_LCI,LCI,HUYỆN BẢO YÊN-LCBY,,
412,LCBT,HUYỆN BẢO THẮNG,LAO CAI_LCI,LCI,HUYỆN BẢO THẮNG-LCBT,,
390,LATU,HUYỆN TÂN TRỤ,LONG AN_LAN,LAN,HUYỆN TÂN TRỤ-LATU,,
391,LADE,HUYỆN ĐỨC HUỆ,LONG AN_LAN,LAN,HUYỆN ĐỨC HUỆ-LADE,,
392,LACG,HUYỆN CẦN GUỘC,LONG AN_LAN,LAN,HUYỆN CẦN GUỘC-LACG,,
393,LACD,HUYỆN CẦN ĐƯỚC,LONG AN_LAN,LAN,HUYỆN CẦN ĐƯỚC-LACD,,
394,LATA,THỊ XÃ TÂN AN,LONG AN_LAN,LAN,THỊ XÃ TÂN AN-LATA,,
395,LATG,HUYỆN TÂN HƯNG,LONG AN_LAN,LAN,HUYỆN TÂN HƯNG-LATG,,
396,LACT,HUYỆN CHÂU THÀNH,LONG AN_LAN,LAN,HUYỆN CHÂU THÀNH-LACT,,
397,LABL,HUYỆN BẾN LỨC,LONG AN_LAN,LAN,HUYỆN BẾN LỨC-LABL,,
398,LATN,HUYỆN TÂN THẠNH,LONG AN_LAN,LAN,HUYỆN TÂN THẠNH-LATN,,
399,LATH,HUYỆN THẠNH HÓA,LONG AN_LAN,LAN,HUYỆN THẠNH HÓA-LATH,,
400,LAMH,HUYỆN MỘC HÓA,LONG AN_LAN,LAN,HUYỆN MỘC HÓA-LAMH,,
401,LADH,HUYỆN ĐỨC HÒA,LONG AN_LAN,LAN,HUYỆN ĐỨC HÒA-LADH,,
402,LAVH,HUYỆN VĨNH HƯNG,LONG AN_LAN,LAN,HUYỆN VĨNH HƯNG-LAVH,,
403,LATT,HUYỆN THỦ THỪA,LONG AN_LAN,LAN,HUYỆN THỦ THỪA-LATT,,
404,LAKT,THỊ XÃ KIẾN TƯỜNG,LONG AN_LAN,LAN,THỊ XÃ KIẾN TƯỜNG-LAKT,,
473,NDNT,HUYỆN NAM TRỰC,NAM DINH_NDH,NDH,HUYỆN NAM TRỰC-NDNT,,
474,NDTN,HUYỆN TRỰC NINH,NAM DINH_NDH,NDH,HUYỆN TRỰC NINH-NDTN,,
475,NDML,HUYỆN MỸ LỘC,NAM DINH_NDH,NDH,HUYỆN MỸ LỘC-NDML,,
476,NDGT,HUYỆN GIAO THỦY,NAM DINH_NDH,NDH,HUYỆN GIAO THỦY-NDGT,,
477,NDNH,HUYỆN NGHĨA HƯNG,NAM DINH_NDH,NDH,HUYỆN NGHĨA HƯNG-NDNH,,
478,NDND,THÀNH PHỐ NAM ĐỊNH,NAM DINH_NDH,NDH,THÀNH PHỐ NAM ĐỊNH-NDND,,
479,NDHH,HUYỆN HẢI HẬU,NAM DINH_NDH,NDH,HUYỆN HẢI HẬU-NDHH,,
480,NDVB,HUYỆN VỤ BẢN,NAM DINH_NDH,NDH,HUYỆN VỤ BẢN-NDVB,,
481,NDXT,HUYỆN XUÂN TRƯỜNG,NAM DINH_NDH,NDH,HUYỆN XUÂN TRƯỜNG-NDXT,,
482,NDYY,HUYỆN Ý YÊN,NAM DINH_NDH,NDH,HUYỆN Ý YÊN-NDYY,,
444,NAAS,HUYỆN ANH SƠN,NGHE AN_NAN,NAN,HUYỆN ANH SƠN-NAAS,,
445,NACC,HUYỆN CON CUÔNG,NGHE AN_NAN,NAN,HUYỆN CON CUÔNG-NACC,,
446,NAHN,HUYỆN HƯNG NGUYÊN,NGHE AN_NAN,NAN,HUYỆN HƯNG NGUYÊN-NAHN,,
447,NATH,THỊ XÃ THÁI HÒA,NGHE AN_NAN,NAN,THỊ XÃ THÁI HÒA-NATH,,
448,NAQC,HUYỆN QUỲ CHÂU,NGHE AN_NAN,NAN,HUYỆN QUỲ CHÂU-NAQC,,
449,NACL,THỊ XÃ CỬA LÒ,NGHE AN_NAN,NAN,THỊ XÃ CỬA LÒ-NACL,,
450,NATD,HUYỆN TƯƠNG DƯƠNG,NGHE AN_NAN,NAN,HUYỆN TƯƠNG DƯƠNG-NATD,,
451,NAQP,HUYỆN QUẾ PHONG,NGHE AN_NAN,NAN,HUYỆN QUẾ PHONG-NAQP,,
452,NATK,HUYỆN TÂN KỲ,NGHE AN_NAN,NAN,HUYỆN TÂN KỲ-NATK,,
453,NADC,HUYỆN DIỄN CHÂU,NGHE AN_NAN,NAN,HUYỆN DIỄN CHÂU-NADC,,
454,NAKS,HUYỆN KỲ SƠN,NGHE AN_NAN,NAN,HUYỆN KỲ SƠN-NAKS,,
455,NAVH,THÀNH PHỐ VINH,NGHE AN_NAN,NAN,THÀNH PHỐ VINH-NAVH,,
456,NADL,HUYỆN ĐÔ LƯƠNG,NGHE AN_NAN,NAN,HUYỆN ĐÔ LƯƠNG-NADL,,
457,NANL,HUYỆN NGHI LỘC,NGHE AN_NAN,NAN,HUYỆN NGHI LỘC-NANL,,
458,NAYT,HUYỆN YÊN THÀNH,NGHE AN_NAN,NAN,HUYỆN YÊN THÀNH-NAYT,,
459,NAQL,HUYỆN QUỲNH LƯU,NGHE AN_NAN,NAN,HUYỆN QUỲNH LƯU-NAQL,,
460,NAND,HUYỆN NAM ĐÀN,NGHE AN_NAN,NAN,HUYỆN NAM ĐÀN-NAND,,
461,NANN,HUYỆN NGHĨA ĐÀN,NGHE AN_NAN,NAN,HUYỆN NGHĨA ĐÀN-NANN,,
462,NATC,HUYỆN THANH CHƯƠNG,NGHE AN_NAN,NAN,HUYỆN THANH CHƯƠNG-NATC,,
463,NAQH,HUYỆN QUỲ HỢP,NGHE AN_NAN,NAN,HUYỆN QUỲ HỢP-NAQH,,
464,NAHM,THỊ XÃ HOÀNG MAI,NGHE AN_NAN,NAN,THỊ XÃ HOÀNG MAI-NAHM,,
464,NBNB,THÀNH PHỐ NINH BÌNH,NINH BINH_NBH,NBH,THÀNH PHỐ NINH BÌNH-NBNB,,
465,NBKS,HUYỆN KIM SƠN,NINH BINH_NBH,NBH,HUYỆN KIM SƠN-NBKS,,
466,NBNQ,HUYỆN NHO QUAN,NINH BINH_NBH,NBH,HUYỆN NHO QUAN-NBNQ,,
467,NBGV,HUYỆN GIA VIỄN,NINH BINH_NBH,NBH,HUYỆN GIA VIỄN-NBGV,,
468,NBYM,HUYỆN YÊN MÔ,NINH BINH_NBH,NBH,HUYỆN YÊN MÔ-NBYM,,
470,NBYK,HUYỆN YÊN KHÁNH,NINH BINH_NBH,NBH,HUYỆN YÊN KHÁNH-NBYK,,
471,NBHL,HUYỆN HOA LƯ,NINH BINH_NBH,NBH,HUYỆN HOA LƯ-NBHL,,
472,NBTD,THỊ XÃ TAM ĐIỆP,NINH BINH_NBH,NBH,THỊ XÃ TAM ĐIỆP-NBTD,,
483,NTBA,HUYỆN BÁC ÁI,NINH THUAN_NTN,NTN,HUYỆN BÁC ÁI-NTBA,,
484,NTNP,HUYỆN NINH PHƯỚC,NINH THUAN_NTN,NTN,HUYỆN NINH PHƯỚC-NTNP,,
485,NTNS,HUYỆN NINH SƠN,NINH THUAN_NTN,NTN,HUYỆN NINH SƠN-NTNS,,
486,NTTN,HUYỆN THUẬN NAM,NINH THUAN_NTN,NTN,HUYỆN THUẬN NAM-NTTN,,
487,NTNH,HUYỆN NINH HẢI,NINH THUAN_NTN,NTN,HUYỆN NINH HẢI-NTNH,,
488,NTTB,HUYỆN THUẬN BẮC,NINH THUAN_NTN,NTN,HUYỆN THUẬN BẮC-NTTB,,
489,NTPR,TP.PHAN RANG - THÁP CHÀM,NINH THUAN_NTN,NTN,TP.PHAN RANG - THÁP CHÀM-NTPR,,
490,PTPT,THI XÃ PHÚ THỌ,PHU THO_PHO,PHO,THI XÃ PHÚ THỌ-PTPT,,
491,PTTB,HUYỆN THANH BA,PHU THO_PHO,PHO,HUYỆN THANH BA-PTTB,,
492,PTVT,THÀNH PHỐ VIỆT TRÌ,PHU THO_PHO,PHO,THÀNH PHỐ VIỆT TRÌ-PTVT,,
493,PTDH,HUYỆN ĐOAN HÙNG,PHU THO_PHO,PHO,HUYỆN ĐOAN HÙNG-PTDH,,
494,PTTT,HUYỆN THANH THỦY,PHU THO_PHO,PHO,HUYỆN THANH THỦY-PTTT,,
495,PTTH,HUYỆN THANH SƠN,PHU THO_PHO,PHO,HUYỆN THANH SƠN-PTTH,,
496,PTTS,HUYỆN TÂN SƠN,PHU THO_PHO,PHO,HUYỆN TÂN SƠN-PTTS,,
497,PTYL,HUYỆN YÊN LẬP,PHU THO_PHO,PHO,HUYỆN YÊN LẬP-PTYL,,
498,PTCK,HUYỆN CẨM KHÊ,PHU THO_PHO,PHO,HUYỆN CẨM KHÊ-PTCK,,
499,PTTN,HUYỆN TAM NÔNG,PHU THO_PHO,PHO,HUYỆN TAM NÔNG-PTTN,,
500,PTLT,HUYỆN LÂM THAO,PHU THO_PHO,PHO,HUYỆN LÂM THAO-PTLT,,
501,PTHH,HUYỆN HẠ HÒA,PHU THO_PHO,PHO,HUYỆN HẠ HÒA-PTHH,,
502,PTPN,HUYỆN PHÙ NINH,PHU THO_PHO,PHO,HUYỆN PHÙ NINH-PTPN,,
503,PYSC,THỊ XÃ SÔNG CẦU,PHU YEN_PYN,PYN,THỊ XÃ SÔNG CẦU-PYSC,,
504,PYTA,HUYỆN TUY AN,PHU YEN_PYN,PYN,HUYỆN TUY AN-PYTA,,
505,PYTY,HUYỆN TÂY HÒA,PHU YEN_PYN,PYN,HUYỆN TÂY HÒA-PYTY,,
506,PYDH,HUYỆN ĐÔNG HÒA,PHU YEN_PYN,PYN,HUYỆN ĐÔNG HÒA-PYDH,,
507,PYTH,THÀNH PHỐ TUY HÒA,PHU YEN_PYN,PYN,THÀNH PHỐ TUY HÒA-PYTH,,
508,PYDX,HUYỆN ĐỒNG XUÂN,PHU YEN_PYN,PYN,HUYỆN ĐỒNG XUÂN-PYDX,,
509,PYPH,HUYỆN PHÚ HÒA,PHU YEN_PYN,PYN,HUYỆN PHÚ HÒA-PYPH,,
510,PYSA,HUYỆN SƠN HÒA,PHU YEN_PYN,PYN,HUYỆN SƠN HÒA-PYSA,,
511,PYSH,HUYỆN SÔNG HINH,PHU YEN_PYN,PYN,HUYỆN SÔNG HINH-PYSH,,
512,QBLT,HUYỆN LỆ THỦY,QUANG BINH_QBH,QBH,HUYỆN LỆ THỦY-QBLT,,
513,QBTH,HUYỆN TUYÊN HÓA,QUANG BINH_QBH,QBH,HUYỆN TUYÊN HÓA-QBTH,,
514,QBDH,THÀNH PHỐ ĐỒNG HỚI,QUANG BINH_QBH,QBH,THÀNH PHỐ ĐỒNG HỚI-QBDH,,
515,QBQT,HUYỆN QUẢNG TRẠCH,QUANG BINH_QBH,QBH,HUYỆN QUẢNG TRẠCH-QBQT,,
516,QBMH,HUYỆN MINH HÓA,QUANG BINH_QBH,QBH,HUYỆN MINH HÓA-QBMH,,
517,QBQN,HUYỆN QUẢNG NINH,QUANG BINH_QBH,QBH,HUYỆN QUẢNG NINH-QBQN,,
518,QBBT,HUYỆN BỐ TRẠCH,QUANG BINH_QBH,QBH,HUYỆN BỐ TRẠCH-QBBT,,
519,QBBD,THỊ XÃ BA ĐỒN,QUANG BINH_QBH,QBH,THỊ XÃ BA ĐỒN-QBBD,,
547,QNPN,HUYỆN PHÚ NINH,QUANG NAM_QNM,QNM,HUYỆN PHÚ NINH-QNPN,,
548,QNPS,HUYỆN PHƯỚC SƠN,QUANG NAM_QNM,QNM,HUYỆN PHƯỚC SƠN-QNPS,,
549,QNDL,HUYỆN ĐẠI LỘC,QUANG NAM_QNM,QNM,HUYỆN ĐẠI LỘC-QNDL,,
550,QNNG,HUYỆN NAM GIANG,QUANG NAM_QNM,QNM,HUYỆN NAM GIANG-QNNG,,
551,QNTH,HUYỆN THĂNG BÌNH,QUANG NAM_QNM,QNM,HUYỆN THĂNG BÌNH-QNTH,,
552,QNTK,THÀNH PHỐ TAM KỲ,QUANG NAM_QNM,QNM,THÀNH PHỐ TAM KỲ-QNTK,,
553,QNDG,HUYỆN ĐÔNG GIANG,QUANG NAM_QNM,QNM,HUYỆN ĐÔNG GIANG-QNDG,,
554,QNBM,HUYỆN BẮC TRÀ MY,QUANG NAM_QNM,QNM,HUYỆN BẮC TRÀ MY-QNBM,,
555,QNTG,HUYỆN TÂY GIANG,QUANG NAM_QNM,QNM,HUYỆN TÂY GIANG-QNTG,,
556,QNTP,HUYỆN TIÊN PHƯỚC,QUANG NAM_QNM,QNM,HUYỆN TIÊN PHƯỚC-QNTP,,
557,QNDB,HUYỆN ĐIỆN BÀN,QUANG NAM_QNM,QNM,HUYỆN ĐIỆN BÀN-QNDB,,
558,QNQS,HUYỆN QUẾ SƠN,QUANG NAM_QNM,QNM,HUYỆN QUẾ SƠN-QNQS,,
559,QNNS,HUYỆN NÔNG SƠN,QUANG NAM_QNM,QNM,HUYỆN NÔNG SƠN-QNNS,,
560,QNNT,HUYỆN NÚI THÀNH,QUANG NAM_QNM,QNM,HUYỆN NÚI THÀNH-QNNT,,
561,QNHA,THÀNH PHỐ HỘI AN,QUANG NAM_QNM,QNM,THÀNH PHỐ HỘI AN-QNHA,,
562,QNNM,HUYỆN NAM TRÀ MY,QUANG NAM_QNM,QNM,HUYỆN NAM TRÀ MY-QNNM,,
563,QNHD,HUYỆN HIỆP ĐỨC,QUANG NAM_QNM,QNM,HUYỆN HIỆP ĐỨC-QNHD,,
564,QNDX,HUYỆN DUY XUYÊN,QUANG NAM_QNM,QNM,HUYỆN DUY XUYÊN-QNDX,,
533,QNNH,HUYỆN NGHĨA HÀNH,QUANG NGAI_QNI,QNI,HUYỆN NGHĨA HÀNH-QNNH,,
534,QNTN,HUYỆN TƯ NGHĨA,QUANG NGAI_QNI,QNI,HUYỆN TƯ NGHĨA-QNTN,,
535,QNML,HUYỆN MINH LONG,QUANG NGAI_QNI,QNI,HUYỆN MINH LONG-QNML,,
536,QNBS,HUYỆN BÌNH SƠN,QUANG NGAI_QNI,QNI,HUYỆN BÌNH SƠN-QNBS,,
537,QNQN,THÀNH PHỐ QUẢNG NGÃI,QUANG NGAI_QNI,QNI,THÀNH PHỐ QUẢNG NGÃI-QNQN,,
538,QNMD,HUYỆN MỘ ĐỨC,QUANG NGAI_QNI,QNI,HUYỆN MỘ ĐỨC-QNMD,,
539,QNTB,HUYỆN TRÀ BỒNG,QUANG NGAI_QNI,QNI,HUYỆN TRÀ BỒNG-QNTB,,
540,QNTT,HUYỆN TÂY TRÀ,QUANG NGAI_QNI,QNI,HUYỆN TÂY TRÀ-QNTT,,
541,QNLS,HUYỆN LÝ SƠN,QUANG NGAI_QNI,QNI,HUYỆN LÝ SƠN-QNLS,,
542,QNSA,HUYỆN SƠN HÀ,QUANG NGAI_QNI,QNI,HUYỆN SƠN HÀ-QNSA,,
543,QNDP,HUYỆN ĐỨC PHỔ,QUANG NGAI_QNI,QNI,HUYỆN ĐỨC PHỔ-QNDP,,
544,QNSH,HUYỆN SƠN TỊNH,QUANG NGAI_QNI,QNI,HUYỆN SƠN TỊNH-QNSH,,
545,QNBT,HUYỆN BA TƠ,QUANG NGAI_QNI,QNI,HUYỆN BA TƠ-QNBT,,
546,QNST,HUYỆN SƠN TÂY,QUANG NGAI_QNI,QNI,HUYỆN SƠN TÂY-QNST,,
519,QNTY,HUYỆN TIÊN YÊN,QUANG NINH_QNH,QNH,HUYỆN TIÊN YÊN-QNTY,,
520,QNUB,THỊ XÃ UÔNG BÍ,QUANG NINH_QNH,QNH,THỊ XÃ UÔNG BÍ-QNUB,,
521,QNYH,HUYỆN YÊN HƯNG,QUANG NINH_QNH,QNH,HUYỆN YÊN HƯNG-QNYH,,
522,QNDT,HUYỆN ĐÔNG TRIỀU,QUANG NINH_QNH,QNH,HUYỆN ĐÔNG TRIỀU-QNDT,,
523,QNBC,HUYỆN BA CHẼ,QUANG NINH_QNH,QNH,HUYỆN BA CHẼ-QNBC,,
524,QNBL,HUYỆN BÌNH LIÊU,QUANG NINH_QNH,QNH,HUYỆN BÌNH LIÊU-QNBL,,
525,QNDH,HUYỆN ĐẦM HÀ,QUANG NINH_QNH,QNH,HUYỆN ĐẦM HÀ-QNDH,,
526,QNVD,HUYỆN VÂN ĐỒN,QUANG NINH_QNH,QNH,HUYỆN VÂN ĐỒN-QNVD,,
527,QNCP,THỊ XÃ CẨM PHẢ,QUANG NINH_QNH,QNH,THỊ XÃ CẨM PHẢ-QNCP,,
528,QNCT,HUYỆN CÔ TÔ,QUANG NINH_QNH,QNH,HUYỆN CÔ TÔ-QNCT,,
529,QNMC,THỊ XÃ MÓNG CÁI,QUANG NINH_QNH,QNH,THỊ XÃ MÓNG CÁI-QNMC,,
530,QNHH,HUYỆN HẢI HÀ,QUANG NINH_QNH,QNH,HUYỆN HẢI HÀ-QNHH,,
531,QNHL,THÀNH PHỐ HẠ LONG,QUANG NINH_QNH,QNH,THÀNH PHỐ HẠ LONG-QNHL,,
532,QNHB,HUYỆN HOÀNH BỒ,QUANG NINH_QNH,QNH,HUYỆN HOÀNH BỒ-QNHB,,
565,QTTP,HUYỆN TRIỆU PHONG,QUANG TRI_QTI,QTI,HUYỆN TRIỆU PHONG-QTTP,,
566,QTDH,THÀNH PHỐ ĐÔNG HÀ,QUANG TRI_QTI,QTI,THÀNH PHỐ ĐÔNG HÀ-QTDH,,
567,QTHH,HUYỆN HƯỚNG HÓA,QUANG TRI_QTI,QTI,HUYỆN HƯỚNG HÓA-QTHH,,
568,QTQT,THỊ XÃ QUẢNG TRỊ,QUANG TRI_QTI,QTI,THỊ XÃ QUẢNG TRỊ-QTQT,,
569,QTCL,HUYỆN CAM LỘ,QUANG TRI_QTI,QTI,HUYỆN CAM LỘ-QTCL,,
571,QTDK,HUYỆN ĐA KRÔNG,QUANG TRI_QTI,QTI,HUYỆN ĐA KRÔNG-QTDK,,
572,QTHL,HUYỆN HẢI LĂNG,QUANG TRI_QTI,QTI,HUYỆN HẢI LĂNG-QTHL,,
573,QTVL,HUYỆN VĨNH LINH,QUANG TRI_QTI,QTI,HUYỆN VĨNH LINH-QTVL,,
574,QTGL,HUYỆN GIO LINH,QUANG TRI_QTI,QTI,HUYỆN GIO LINH-QTGL,,
587,STLP,HUYỆN LONG PHÚ,SOC TRANG_STG,STG,HUYỆN LONG PHÚ-STLP,,
588,STTT,HUYỆN THẠNH TRỊ,SOC TRANG_STG,STG,HUYỆN THẠNH TRỊ-STTT,,
589,STCT,HUYỆN CHÂU THÀNH,SOC TRANG_STG,STG,HUYỆN CHÂU THÀNH-STCT,,
590,STNN,HUYỆN NGÃ NĂM,SOC TRANG_STG,STG,HUYỆN NGÃ NĂM-STNN,,
591,STKS,HUYỆN KẾ SÁCH,SOC TRANG_STG,STG,HUYỆN KẾ SÁCH-STKS,,
592,STCD,HUYỆN CÙ LAO DUNG,SOC TRANG_STG,STG,HUYỆN CÙ LAO DUNG-STCD,,
593,STTD,HUYỆN TRẦN ĐỀ,SOC TRANG_STG,STG,HUYỆN TRẦN ĐỀ-STTD,,
594,STST,THÀNH PHỐ SÓC TRĂNG,SOC TRANG_STG,STG,THÀNH PHỐ SÓC TRĂNG-STST,,
595,STMX,HUYỆN MỸ XUYÊN,SOC TRANG_STG,STG,HUYỆN MỸ XUYÊN-STMX,,
596,STMT,HUYỆN MỸ TÚ,SOC TRANG_STG,STG,HUYỆN MỸ TÚ-STMT,,
597,STVC,HUYỆN VĨNH CHÂU,SOC TRANG_STG,STG,HUYỆN VĨNH CHÂU-STVC,,
575,SLQN,HUYỆN QUỲNH NHAI,SON LA_SLA,SLA,HUYỆN QUỲNH NHAI-SLQN,,
576,SLML,HUYỆN MƯỜNG LA,SON LA_SLA,SLA,HUYỆN MƯỜNG LA-SLML,,
577,SLSM,HUYỆN SÔNG MÃ,SON LA_SLA,SLA,HUYỆN SÔNG MÃ-SLSM,,
578,SLSL,THỊ XÃ SƠN LA,SON LA_SLA,SLA,THỊ XÃ SƠN LA-SLSL,,
579,SLMS,HUYỆN MAI SƠN,SON LA_SLA,SLA,HUYỆN MAI SƠN-SLMS,,
580,SLPY,HUYỆN PHÙ YÊN,SON LA_SLA,SLA,HUYỆN PHÙ YÊN-SLPY,,
581,SLTC,HUYỆN THUẬN CHÂU,SON LA_SLA,SLA,HUYỆN THUẬN CHÂU-SLTC,,
582,SLMC,HUYỆN MỘC CHÂU,SON LA_SLA,SLA,HUYỆN MỘC CHÂU-SLMC,,
583,SLYC,HUYỆN YÊN CHÂU,SON LA_SLA,SLA,HUYỆN YÊN CHÂU-SLYC,,
584,SLVH,HUYỆN VÂN HỒ,SON LA_SLA,SLA,HUYỆN VÂN HỒ-SLVH,,
585,SLBY,HUYỆN BẮC YÊN,SON LA_SLA,SLA,HUYỆN BẮC YÊN-SLBY,,
586,SLSC,HUYỆN SỐP CỘP,SON LA_SLA,SLA,HUYỆN SỐP CỘP-SLSC,,
644,TNTU,HUYỆN TÂN CHÂU,TAY NINH_TNH,TNH,HUYỆN TÂN CHÂU-TNTU,,
645,TNCT,HUYỆN CHÂU THÀNH,TAY NINH_TNH,TNH,HUYỆN CHÂU THÀNH-TNCT,,
646,TNTH,THỊ XÃ TÂY NINH,TAY NINH_TNH,TNH,THỊ XÃ TÂY NINH-TNTH,,
647,TNHT,HUYỆN HÒA THÀNH,TAY NINH_TNH,TNH,HUYỆN HÒA THÀNH-TNHT,,
648,TNTA,HUYỆN TÂN BIÊN,TAY NINH_TNH,TNH,HUYỆN TÂN BIÊN-TNTA,,
649,TNGD,HUYỆN GÒ DẦU,TAY NINH_TNH,TNH,HUYỆN GÒ DẦU-TNGD,,
650,TNTB,HUYỆN TRẢNG BÀNG,TAY NINH_TNH,TNH,HUYỆN TRẢNG BÀNG-TNTB,,
651,TNDC,HUYỆN DƯƠNG MINH CHÂU,TAY NINH_TNH,TNH,HUYỆN DƯƠNG MINH CHÂU-TNDC,,
652,TNBC,HUYỆN BẾN CẦU,TAY NINH_TNH,TNH,HUYỆN BẾN CẦU-TNBC,,
598,TBTT,HUYỆN THÁI THỤY,THAI BINH_TBH,TBH,HUYỆN THÁI THỤY-TBTT,,
599,TBVT,HUYỆN VŨ THƯ,THAI BINH_TBH,TBH,HUYỆN VŨ THƯ-TBVT,,
600,TBQP,HUYỆN QUỲNH PHỤ,THAI BINH_TBH,TBH,HUYỆN QUỲNH PHỤ-TBQP,,
601,TBHH,HUYỆN HƯNG HÀ,THAI BINH_TBH,TBH,HUYỆN HƯNG HÀ-TBHH,,
602,TBQC,HUYỆN QUỲNH CÔI,THAI BINH_TBH,TBH,HUYỆN QUỲNH CÔI-TBQC,,
603,TBTB,THÀNH PHỐ THÁI BÌNH,THAI BINH_TBH,TBH,THÀNH PHỐ THÁI BÌNH-TBTB,,
604,TBDH,HUYỆN ĐÔNG HƯNG,THAI BINH_TBH,TBH,HUYỆN ĐÔNG HƯNG-TBDH,,
605,TBTH,HUYỆN TIỀN HẢI,THAI BINH_TBH,TBH,HUYỆN TIỀN HẢI-TBTH,,
606,TBKX,HUYỆN KIẾN XƯƠNG,THAI BINH_TBH,TBH,HUYỆN KIẾN XƯƠNG-TBKX,,
653,TNPY,HUYỆN PHỔ YÊN,THAI NGUYEN_TNN,TNN,HUYỆN PHỔ YÊN-TNPY,,
654,TNPL,HUYỆN PHÚ LƯƠNG ,THAI NGUYEN_TNN,TNN,HUYỆN PHÚ LƯƠNG -TNPL,,
655,TNVN,HUYỆN VÕ NHAI,THAI NGUYEN_TNN,TNN,HUYỆN VÕ NHAI-TNVN,,
656,TNTN,THÀNH PHỐ THÁI NGUYÊN,THAI NGUYEN_TNN,TNN,THÀNH PHỐ THÁI NGUYÊN-TNTN,,
657,TNPB,HUYỆN PHÚ BÌNH,THAI NGUYEN_TNN,TNN,HUYỆN PHÚ BÌNH-TNPB,,
658,TNDH,HUYỆN ĐỒNG HỶ,THAI NGUYEN_TNN,TNN,HUYỆN ĐỒNG HỶ-TNDH,,
659,TNDT, HUYỆN ĐẠI TỪ,THAI NGUYEN_TNN,TNN, HUYỆN ĐẠI TỪ-TNDT,,
660,TNDA,HUYỆN ĐỊNH HÓA,THAI NGUYEN_TNN,TNN,HUYỆN ĐỊNH HÓA-TNDA,,
661,TNSC,THỊ XÃ SÔNG CÔNG,THAI NGUYEN_TNN,TNN,THỊ XÃ SÔNG CÔNG-TNSC,,
617,THNL,HUYỆN NGỌC LẶC,THANH HOA_THA,THA,HUYỆN NGỌC LẶC-THNL,,
618,THHH,HUYỆN HOẰNG HÓA,THANH HOA_THA,THA,HUYỆN HOẰNG HÓA-THHH,,
619,THQS,HUYỆN QUAN SƠN,THANH HOA_THA,THA,HUYỆN QUAN SƠN-THQS,,
620,THTT,HUYỆN THẠCH THÀNH,THANH HOA_THA,THA,HUYỆN THẠCH THÀNH-THTT,,
621,THQX,HUYỆN QUẢNG XƯƠNG,THANH HOA_THA,THA,HUYỆN QUẢNG XƯƠNG-THQX,,
622,THNS,HUYỆN NGA SƠN,THANH HOA_THA,THA,HUYỆN NGA SƠN-THNS,,
623,THDS,HUYỆN ĐÔNG SƠN,THANH HOA_THA,THA,HUYỆN ĐÔNG SƠN-THDS,,
624,THVL,HUYỆN VĨNH LỘC,THANH HOA_THA,THA,HUYỆN VĨNH LỘC-THVL,,
625,THLC,HUYỆN LANG CHÁNH,THANH HOA_THA,THA,HUYỆN LANG CHÁNH-THLC,,
626,THTH,THÀNH PHỐ THANH HÓA,THANH HOA_THA,THA,THÀNH PHỐ THANH HÓA-THTH,,
627,THTS,HUYỆN TRIỆU SƠN,THANH HOA_THA,THA,HUYỆN TRIỆU SƠN-THTS,,
628,THNC,HUYỆN NÔNG CỐNG,THANH HOA_THA,THA,HUYỆN NÔNG CỐNG-THNC,,
629,THTG,HUYỆN TĨNH GIA,THANH HOA_THA,THA,HUYỆN TĨNH GIA-THTG,,
630,THTN,HUYỆN THƯỜNG XUÂN,THANH HOA_THA,THA,HUYỆN THƯỜNG XUÂN-THTN,,
631,THNX,HUYỆN NHƯ XUÂN,THANH HOA_THA,THA,HUYỆN NHƯ XUÂN-THNX,,
632,THHL,HUYỆN HẬU LỘC,THANH HOA_THA,THA,HUYỆN HẬU LỘC-THHL,,
633,THNT,HUYỆN NHƯ THANH,THANH HOA_THA,THA,HUYỆN NHƯ THANH-THNT,,
634,THHT,HUYỆN HÀ TRUNG,THANH HOA_THA,THA,HUYỆN HÀ TRUNG-THHT,,
635,THML,HUYỆN MƯỜNG LÁT,THANH HOA_THA,THA,HUYỆN MƯỜNG LÁT-THML,,
636,THCT,HUYỆN CẨM THỦY,THANH HOA_THA,THA,HUYỆN CẨM THỦY-THCT,,
637,THQH,HUYỆN QUAN HÓA,THANH HOA_THA,THA,HUYỆN QUAN HÓA-THQH,,
638,THBT,HUYỆN BÁ THƯỚC,THANH HOA_THA,THA,HUYỆN BÁ THƯỚC-THBT,,
639,THYD,HUYỆN YÊN ĐỊNH,THANH HOA_THA,THA,HUYỆN YÊN ĐỊNH-THYD,,
640,THTX,HUYỆN THỌ XUÂN,THANH HOA_THA,THA,HUYỆN THỌ XUÂN-THTX,,
641,THBS,THỊ XÃ BỈM SƠN,THANH HOA_THA,THA,THỊ XÃ BỈM SƠN-THBS,,
642,THTA,HUYỆN THIỆU HÓA,THANH HOA_THA,THA,HUYỆN THIỆU HÓA-THTA,,
643,THSS,THỊ XÃ SẦM SƠN,THANH HOA_THA,THA,THỊ XÃ SẦM SƠN-THSS,,
331,HUPV,HUYỆN PHÚ VANG,THUA THIEN HUE_HUE,HUE,HUYỆN PHÚ VANG-HUPV,,
332,HUPL,HUYỆN PHÚ LỘC,THUA THIEN HUE_HUE,HUE,HUYỆN PHÚ LỘC-HUPL,,
333,HUHT,THỊ XÃ HƯƠNG THỦY,THUA THIEN HUE_HUE,HUE,THỊ XÃ HƯƠNG THỦY-HUHT,,
334,HUAL,HUYỆN A LƯỚI,THUA THIEN HUE_HUE,HUE,HUYỆN A LƯỚI-HUAL,,
335,HUPD,HUYỆN PHONG ĐIỀN,THUA THIEN HUE_HUE,HUE,HUYỆN PHONG ĐIỀN-HUPD,,
336,HUQD,HUYỆN QUẢNG ĐIỀN,THUA THIEN HUE_HUE,HUE,HUYỆN QUẢNG ĐIỀN-HUQD,,
337,HUND,HUYỆN NAM ĐÔNG,THUA THIEN HUE_HUE,HUE,HUYỆN NAM ĐÔNG-HUND,,
338,HUHA,HUYỆN HƯƠNG TRÀ,THUA THIEN HUE_HUE,HUE,HUYỆN HƯƠNG TRÀ-HUHA,,
339,HUHU,THÀNH PHỐ HUẾ,THUA THIEN HUE_HUE,HUE,THÀNH PHỐ HUẾ-HUHU,,
607,TGTD,HUYỆN TÂN PHÚ ĐÔNG,TIEN GIANG_TGG,TGG,HUYỆN TÂN PHÚ ĐÔNG-TGTD,,
608,TGCG,HUYỆN CHỢ GẠO,TIEN GIANG_TGG,TGG,HUYỆN CHỢ GẠO-TGCG,,
609,TGGT,HUYỆN GÒ CÔNG TÂY,TIEN GIANG_TGG,TGG,HUYỆN GÒ CÔNG TÂY-TGGT,,
610,TGCB,HUYỆN CÁI BÈ,TIEN GIANG_TGG,TGG,HUYỆN CÁI BÈ-TGCB,,
611,TGGD,HUYỆN GÒ CÔNG ĐÔNG,TIEN GIANG_TGG,TGG,HUYỆN GÒ CÔNG ĐÔNG-TGGD,,
612,TGCT,HUYỆN CHÂU THÀNH,TIEN GIANG_TGG,TGG,HUYỆN CHÂU THÀNH-TGCT,,
613,TGTP,HUYỆN TÂN PHƯỚC,TIEN GIANG_TGG,TGG,HUYỆN TÂN PHƯỚC-TGTP,,
614,TGGC,THỊ XÃ GÒ CÔNG,TIEN GIANG_TGG,TGG,THỊ XÃ GÒ CÔNG-TGGC,,
615,TGCL,HUYỆN CAI LẬY,TIEN GIANG_TGG,TGG,HUYỆN CAI LẬY-TGCL,,
616,TGMT,THÀNH PHỐ MỸ THO,TIEN GIANG_TGG,TGG,THÀNH PHỐ MỸ THO-TGMT,,
669,TVTC,HUYỆN TRÀ CÚ,TRA VINH_TVH,TVH,HUYỆN TRÀ CÚ-TVTC,,
670,TVDH,HUYỆN DUYÊN HẢI,TRA VINH_TVH,TVH,HUYỆN DUYÊN HẢI-TVDH,,
671,TVCK,HUYỆN CẦU KÈ,TRA VINH_TVH,TVH,HUYỆN CẦU KÈ-TVCK,,
672,TVCL,HUYỆN CÀNG LONG,TRA VINH_TVH,TVH,HUYỆN CÀNG LONG-TVCL,,
673,TVCT,HUYỆN CHÂU THÀNH,TRA VINH_TVH,TVH,HUYỆN CHÂU THÀNH-TVCT,,
674,TVCG,HUYỆN CẦU NGANG,TRA VINH_TVH,TVH,HUYỆN CẦU NGANG-TVCG,,
675,TVTV,THỊ XÃ TRÀ VINH,TRA VINH_TVH,TVH,THỊ XÃ TRÀ VINH-TVTV,,
676,TVTN,HUYỆN TIỂU CẦN,TRA VINH_TVH,TVH,HUYỆN TIỂU CẦN-TVTN,,
662,TQTQ,THỊ XÃ TUYÊN QUANG,TUYEN QUANG_TQG,TQG,THỊ XÃ TUYÊN QUANG-TQTQ,,
663,TQYS,HUYỆN YÊN SƠN,TUYEN QUANG_TQG,TQG,HUYỆN YÊN SƠN-TQYS,,
664,TQSD,HUYỆN SƠN DƯƠNG,TUYEN QUANG_TQG,TQG,HUYỆN SƠN DƯƠNG-TQSD,,
665,TQCH,HUYỆN CHIÊM HÓA,TUYEN QUANG_TQG,TQG,HUYỆN CHIÊM HÓA-TQCH,,
666,TQNH,HUYỆN NÀ HANG,TUYEN QUANG_TQG,TQG,HUYỆN NÀ HANG-TQNH,,
667,TQLB,HUYỆN LÂM BÌNH,TUYEN QUANG_TQG,TQG,HUYỆN LÂM BÌNH-TQLB,,
668,TQHY,HUYỆN HÀM YÊN,TUYEN QUANG_TQG,TQG,HUYỆN HÀM YÊN-TQHY,,
677,VLBM,HUYỆN BÌNH MINH,VINH LONG_VLG,VLG,HUYỆN BÌNH MINH-VLBM,,
678,VLLH,HUYỆN LONG HỒ,VINH LONG_VLG,VLG,HUYỆN LONG HỒ-VLLH,,
679,VLBT,HUYỆN BÌNH TÂN,VINH LONG_VLG,VLG,HUYỆN BÌNH TÂN-VLBT,,
680,VLVM,HUYỆN VŨNG LIÊM,VINH LONG_VLG,VLG,HUYỆN VŨNG LIÊM-VLVM,,
681,VLTB,HUYỆN TAM BÌNH,VINH LONG_VLG,VLG,HUYỆN TAM BÌNH-VLTB,,
682,VLVL,THÀNH PHỐ VĨNH LONG,VINH LONG_VLG,VLG,THÀNH PHỐ VĨNH LONG-VLVL,,
683,VLTO,HUYỆN TRÀ ÔN,VINH LONG_VLG,VLG,HUYỆN TRÀ ÔN-VLTO,,
684,VLMT,HUYỆN MANG THÍT,VINH LONG_VLG,VLG,HUYỆN MANG THÍT-VLMT,,
685,VPYL,HUYÊN YÊN LẠC,VINH PHUC_VPC,VPC,HUYÊN YÊN LẠC-VPYL,,
686,VPTG,HUYỆN TAM DƯƠNG,VINH PHUC_VPC,VPC,HUYỆN TAM DƯƠNG-VPTG,,
687,VPBX,HUYỆN BÌNH XUYÊN,VINH PHUC_VPC,VPC,HUYỆN BÌNH XUYÊN-VPBX,,
688,VPSL,HUYỆN SÔNG LÔ,VINH PHUC_VPC,VPC,HUYỆN SÔNG LÔ-VPSL,,
689,VPPY,THỊ XÃ PHÚC YÊN,VINH PHUC_VPC,VPC,THỊ XÃ PHÚC YÊN-VPPY,,
690,VPVY,THÀNH PHỐ VĨNH YÊN,VINH PHUC_VPC,VPC,THÀNH PHỐ VĨNH YÊN-VPVY,,
691,VPTD,HUỴÊN TAM ĐẢO,VINH PHUC_VPC,VPC,HUỴÊN TAM ĐẢO-VPTD,,
692,VPVT,HUYỆN VĨNH TƯỜNG,VINH PHUC_VPC,VPC,HUYỆN VĨNH TƯỜNG-VPVT,,
693,VPLT,HUYỆN LẬP THẠCH,VINH PHUC_VPC,VPC,HUYỆN LẬP THẠCH-VPLT,,
703,YBVC,HUYỆN VĂN CHẤN,YEN BAI_YBN,YBN,HUYỆN VĂN CHẤN-YBVC,,
704,YBVY,HUYỆN VĂN YÊN,YEN BAI_YBN,YBN,HUYỆN VĂN YÊN-YBVY,,
705,YBYH,HUYỆN YÊN BÌNH,YEN BAI_YBN,YBN,HUYỆN YÊN BÌNH-YBYH,,
706,YBTT,HUYỆN TRẠM TẤU,YEN BAI_YBN,YBN,HUYỆN TRẠM TẤU-YBTT,,
707,YBLY,HUYỆN LỤC YÊN,YEN BAI_YBN,YBN,HUYỆN LỤC YÊN-YBLY,,
708,YBNL,THỊ XÃ NGHĨA LỘ,YEN BAI_YBN,YBN,THỊ XÃ NGHĨA LỘ-YBNL,,
709,YBMC,HUYỆN MÙ CĂNG CHẢI,YEN BAI_YBN,YBN,HUYỆN MÙ CĂNG CHẢI-YBMC,,
710,YBTY,HUYỆN TRẤN YÊN,YEN BAI_YBN,YBN,HUYỆN TRẤN YÊN-YBTY,,
711,YBYB,THÀNH PHỐ YÊN BÁI,YEN BAI_YBN,YBN,THÀNH PHỐ YÊN BÁI-YBYB,,
